,LOAD (MW),LTSH O/L STEAM TEMP,PLATEN SH I/L STEAM TEMP,PLATEN SH O/L STEAM TEMP,FSH I/L STEAM TEMP,FSH O/L STEAM TEMP,LS PLATEN RH INLET BEFORE SPRAY TEMP,LS PLATEN RH INLET AFTER SPRAY TEMP,RS PLATEN RH INLET BEFORE SPRAY TEMP,RS PLATEN RH INLET AFTER SPRAY TEMP,LS FINAL RH INLET,LS FINAL RH OUTLET,RS FINAL RH INLET,RS FINAL RH OUTLET,,,,,,,,,,,,,FURNACE PRESSURE
Date,DEH_MWA,20LAE41CT001,20LAE41CT202,20LAE42CT202,20LAE42CT206,20LAE42CT207,20LAF41CT001,20LAF41CT203,20LAF42CT001,20LAE42CT202,20LAF41CT002,20LAF51CT201,20LAF42CT002,20LAF52CT203,20HFC10DP201,20HFC20DP201,20HFC30DP201,20HFC40DP201,20HFC50DP201,20HFC60DP201,20HFB10GC001AI01,20HFB20GC001AI01,20HFB30GC001AI01,20HFB40GC001AI01,20HFB50GC001AI01,20HFB60GC001AI01,20HCP204A
20.07.2022,PV,PV,PV,PV,PV,PV,PV,PV,PV,PV,PV,PV,PV,PV,PV,PV,PV,PV,PV,PV,PV,PV,PV,PV,PV,PV,PV
Time,MEGAWATTS #1,SH 1ST DSH IN TEMP,SH 1ST DSH OUT TEMP,SH 2ND DSH IN TEMP,SH 2ND DSH OUT TEMP,LAST STAGE SH. OUT TEMP,L_S RHDSH IN TEMP,L_S RH DSH OUT TEMP,R_S RH DSH OUT TEMP,SH 2ND DSH IN TEMP,L_S RH PLATEN OUT TEMP,L_S LAST RH OUT TEMP,R_S RH PLATEN OUT TEMP,R_S LAST RH OUT TEMP,BOWL DP MILL-A,BOWL DP MILL-B,BOWL DP MILL-C,BOWL DP MILL-D,BOWL DP MILL-E,BOWL DP MILL-F,COAL FDR A CUSTOMER FB,COAL FDR B CUSTOMER FB,COAL FDR C CUSTOMER FB,COAL FDR D CUSTOMER FB,COAL FDR E CUSTOMER FB,COAL FDR F CUSTOMER FB,L_S RH. FINISH IN GAS P
,MW,DEGC,DEGC,DEGC,DEGC,DEGC,DEGC,DEGC,DEGC,DEGC,DEGC,DEGC,DEGC,DEGC,KPA,KPA,KPA,KPA,KPA,KPA,T/H,T/H,T/H,T/H,T/H,T/H,PA
8:01,276.44,436.2,404.9,521.0,497.6,541.9,313.0,256.3,313.4,521.0,454.8,540.2,464.3,523.6,0.00,3.46,3.736,3.55,3.564,-0.031,0.12,53.11,51.37,49.31,49.85,0.01,-116.99
8:03,286.87,435.4,403.9,519.8,497.7,542.3,315.3,260.4,315.5,519.8,454.0,539.5,464.4,523.7,0.00,3.50,3.781,3.59,3.600,-0.030,0.11,52.96,51.71,51.23,56.29,0.01,-139.04
8:05,289.19,434.9,403.8,521.5,498.0,542.6,317.5,262.6,317.7,521.5,454.3,539.8,465.7,524.2,0.00,3.56,3.784,3.57,3.666,-0.031,0.11,53.11,53.38,51.17,55.03,0.01,-109.36
8:07,289.60,435.3,402.2,524.7,495.5,543.2,318.7,263.8,319.0,524.7,456.3,541.8,468.7,526.4,0.00,3.57,3.798,3.60,3.668,-0.030,0.12,53.13,53.60,51.29,55.08,0.02,-130.14
8:09,294.78,435.8,401.3,523.6,494.7,542.5,320.4,266.2,320.7,523.6,458.9,544.7,471.6,528.3,0.00,3.58,3.793,3.57,3.691,-0.030,0.12,53.04,53.44,51.11,55.03,0.00,-144.31
8:11,294.32,436.3,400.1,524.0,495.6,542.6,321.1,266.7,321.5,524.0,461.2,547.5,474.0,530.3,0.00,3.49,3.801,3.61,3.686,-0.030,0.11,53.02,53.87,51.31,55.01,0.01,-107.60
8:13,295.06,437.0,399.6,523.6,494.5,542.5,320.8,266.5,321.2,523.6,463.3,550.0,476.1,532.8,0.00,3.53,3.772,3.58,3.659,-0.030,0.11,53.03,53.55,51.22,48.73,0.01,-147.87
8:15,293.70,437.2,399.1,521.2,492.9,542.5,320.3,265.8,320.8,521.2,464.4,551.6,477.1,534.4,0.00,3.51,3.758,3.56,3.616,-0.030,0.11,53.09,51.87,49.25,46.70,0.01,-143.45
8:17,293.12,435.9,400.5,517.7,497.5,541.2,319.1,264.6,319.6,517.7,463.7,551.2,476.1,534.1,0.00,3.57,3.786,3.57,3.604,-0.030,0.12,53.17,51.70,49.21,46.70,0.01,-117.84
8:19,289.81,434.0,402.5,514.9,496.2,541.6,318.6,264.1,319.1,514.9,460.9,549.1,473.7,532.0,0.00,3.54,3.762,3.61,3.618,-0.030,0.11,53.08,51.59,49.28,47.00,0.01,-133.54
8:21,288.19,433.0,403.3,516.4,498.6,542.3,318.2,263.0,318.6,516.4,458.7,547.1,471.9,529.6,0.00,3.52,3.776,3.62,3.624,-0.031,0.12,53.11,51.78,49.35,46.68,0.01,-137.52
8:23,287.98,433.2,405.4,517.7,497.1,542.6,319.0,263.7,319.3,517.7,457.9,545.9,470.6,527.4,0.00,3.52,3.751,3.57,3.603,-0.030,0.12,53.05,51.91,49.30,46.77,0.01,-132.37
8:25,288.13,433.9,405.0,520.3,497.5,542.8,319.9,264.7,320.2,520.3,457.9,545.1,470.4,526.5,0.00,3.54,3.785,3.62,3.598,-0.031,0.12,53.08,51.94,52.18,49.73,0.01,-126.29
8:27,288.22,435.7,404.0,522.4,496.3,542.5,321.0,265.7,321.2,522.4,458.7,545.4,471.5,527.4,0.00,3.52,3.792,3.59,3.605,-0.031,0.11,52.97,51.66,52.36,49.89,0.01,-111.98
8:29,287.69,437.4,402.9,523.9,495.8,542.6,322.0,266.5,322.2,523.9,459.6,546.3,472.8,528.4,0.00,3.55,3.788,3.59,3.618,-0.031,0.12,53.20,51.61,52.32,49.76,0.01,-112.15
8:31,282.32,439.7,400.8,525.8,495.0,542.8,321.8,265.3,322.2,525.8,461.4,547.9,475.2,530.4,0.00,3.55,3.785,3.61,3.583,-0.031,0.11,49.27,51.49,52.21,50.07,0.01,-141.75
8:33,282.48,442.0,400.1,523.8,493.4,542.1,321.3,264.8,321.7,523.8,463.2,550.3,477.3,532.4,0.00,3.53,3.762,3.57,3.593,-0.030,0.11,49.16,51.45,52.17,49.95,0.01,-123.61
8:35,283.20,443.3,397.7,523.1,493.7,542.0,321.1,264.7,321.4,523.1,463.5,551.4,477.9,534.0,0.00,3.54,3.780,3.60,3.611,-0.030,0.12,49.10,51.60,52.20,50.09,0.01,-124.22
8:37,288.86,443.5,398.6,519.5,494.5,541.1,320.6,264.6,320.9,519.5,462.8,551.6,477.0,533.6,0.00,3.51,3.756,3.56,3.593,-0.030,0.12,49.04,51.80,52.25,49.72,0.01,-106.97
8:39,289.09,441.7,400.3,515.9,497.5,541.2,322.3,267.4,322.6,515.9,460.2,549.1,474.5,531.6,0.00,3.53,3.769,3.58,3.601,-0.030,0.11,52.01,51.47,52.23,49.83,0.01,-127.12
8:41,285.38,441.9,396.6,519.2,494.1,542.8,322.1,265.8,322.3,519.2,460.0,548.4,474.2,530.9,0.00,3.58,3.777,3.58,3.615,-0.031,0.12,52.16,51.58,52.22,49.89,0.01,-128.86
8:43,285.36,442.6,398.5,519.0,496.4,542.0,322.4,266.4,322.6,519.0,461.3,548.8,475.3,531.6,0.00,3.56,3.728,3.59,3.590,-0.031,0.12,51.92,51.55,52.34,49.84,0.01,-110.05
8:45,285.51,443.0,398.7,519.5,493.6,542.3,323.1,267.1,323.3,519.5,462.2,549.6,475.8,531.9,0.00,3.55,3.726,3.59,3.576,-0.031,0.12,52.42,51.63,52.27,49.81,0.01,-123.59
8:47,282.57,443.9,398.0,521.7,494.3,542.6,322.6,265.9,322.9,521.7,462.9,550.3,476.8,533.2,0.00,3.56,3.743,3.59,3.570,-0.031,0.11,53.64,51.68,52.28,49.91,0.01,-129.74
8:49,282.60,444.7,398.1,521.4,493.5,541.8,322.1,265.6,322.4,521.4,463.3,551.0,477.4,534.4,0.00,3.50,3.742,3.57,3.556,-0.030,0.12,53.61,51.43,52.25,46.84,0.01,-112.12
8:51,282.46,444.4,399.0,520.2,494.7,541.6,321.4,265.1,321.7,520.2,462.6,550.8,476.7,534.0,0.00,3.50,3.738,3.59,3.529,-0.031,0.12,53.65,51.46,52.32,46.66,0.01,-120.26
8:53,282.51,443.6,398.8,519.2,496.2,541.4,321.0,264.5,321.3,519.2,461.5,549.9,475.2,532.9,0.00,3.51,3.719,3.55,3.516,-0.031,0.12,54.10,51.82,52.24,46.79,0.01,-131.15
8:55,282.81,443.2,399.4,520.2,494.0,542.3,321.0,264.7,321.2,520.2,461.0,549.3,475.0,532.8,0.00,3.49,3.804,3.59,3.535,-0.031,0.11,54.11,51.59,52.31,46.84,0.01,-98.56
8:57,282.65,442.8,400.4,520.5,496.9,541.6,320.7,264.1,320.9,520.5,460.4,548.9,474.7,532.4,0.00,3.52,3.744,3.58,3.526,-0.031,0.12,54.14,51.87,52.29,46.76,0.01,-134.64
8:59,282.65,442.2,400.4,521.1,494.1,542.2,320.3,263.9,320.6,521.1,460.2,548.9,474.7,532.0,0.00,3.50,3.747,3.56,3.507,-0.030,0.12,54.16,51.61,52.28,46.67,0.02,-125.95
9:01,282.68,441.6,400.0,521.2,495.6,541.8,319.8,263.7,320.1,521.2,460.2,548.8,474.4,531.6,0.00,3.56,3.765,3.59,3.531,-0.031,0.12,54.21,51.51,52.39,46.88,0.01,-121.43
9:03,285.57,441.0,400.9,520.9,495.2,541.7,319.6,263.5,319.8,520.9,460.0,548.3,473.7,531.5,0.00,3.56,3.758,3.54,3.512,-0.031,0.12,54.27,51.65,52.28,46.70,0.02,-138.71
9:05,289.24,439.5,401.1,518.3,497.1,541.4,320.0,265.2,320.3,518.3,458.7,546.9,472.0,530.0,0.00,3.53,3.798,3.60,3.523,-0.031,0.12,54.00,53.74,53.29,48.75,0.01,-114.22
9:07,292.39,438.5,399.6,518.4,497.3,541.5,321.2,266.9,321.3,518.4,457.7,545.7,471.7,529.1,0.00,3.55,3.811,3.59,3.551,-0.031,0.12,54.06,53.78,53.29,50.88,0.01,-118.34
9:09,292.31,437.8,400.9,518.7,496.7,542.0,323.4,269.0,323.5,518.7,457.6,545.4,471.3,528.3,0.00,3.60,3.824,3.62,3.563,-0.031,0.12,54.06,53.40,53.26,51.91,0.01,-134.33
9:11,293.09,438.4,398.9,521.0,495.2,542.4,325.6,271.4,325.7,521.0,458.6,545.7,473.1,529.5,0.00,3.59,3.845,3.63,3.568,-0.031,0.12,55.13,53.69,53.11,51.92,0.01,-119.25
9:13,292.51,439.1,398.3,520.0,497.1,541.6,326.9,273.0,327.0,520.0,460.2,546.9,475.0,530.3,0.00,3.58,3.807,3.62,3.555,-0.031,0.12,55.76,53.60,53.92,51.87,0.01,-143.48
9:15,292.79,440.0,397.8,519.9,494.3,542.0,328.2,274.7,328.3,519.9,461.4,548.0,476.8,531.6,0.00,3.58,3.817,3.60,3.564,-0.031,0.12,55.91,53.72,54.07,52.65,0.01,-116.05
9:17,290.00,441.1,397.4,520.6,495.2,542.1,328.9,275.2,329.1,520.6,462.8,550.0,478.6,533.0,0.00,3.61,3.818,3.62,3.557,-0.030,0.11,55.83,53.64,53.87,53.13,0.02,-108.65
9:19,290.40,442.4,396.8,522.3,494.5,542.3,328.6,274.2,328.8,522.3,464.7,552.1,480.3,534.8,0.00,3.62,3.792,3.60,3.561,-0.031,0.11,55.77,53.53,54.03,53.16,0.01,-139.32
9:21,290.99,443.5,395.3,522.2,492.3,542.4,328.2,273.9,328.4,522.2,466.5,554.2,482.4,537.3,0.00,3.62,3.816,3.58,3.552,-0.031,0.12,55.86,53.52,54.02,53.07,0.02,-110.53
9:23,294.29,443.6,396.6,521.6,494.9,541.5,327.3,273.1,327.5,521.6,467.1,555.6,483.0,538.7,0.00,3.58,3.794,3.60,3.564,-0.031,0.12,55.62,53.64,53.92,53.11,0.01,-125.43
9:25,294.97,442.7,396.3,519.9,493.4,541.6,326.7,272.6,327.0,519.9,466.3,555.4,482.1,538.3,0.00,3.63,3.804,3.58,3.551,-0.031,0.11,55.78,53.58,53.94,50.84,0.02,-166.03
9:27,294.69,441.4,396.0,519.1,494.8,541.7,325.1,270.7,325.4,519.1,466.4,555.6,481.3,537.3,0.00,3.58,3.766,3.57,3.519,-0.030,0.12,55.79,53.66,52.77,50.93,0.01,-132.32
9:29,294.01,440.0,397.2,517.7,494.8,541.6,323.0,268.4,323.3,517.7,466.3,555.7,480.6,537.0,0.00,3.59,3.786,3.61,3.528,-0.031,0.12,52.15,53.54,52.72,51.06,0.01,-134.59
9:31,293.49,438.2,398.4,517.1,495.7,541.8,321.9,267.4,322.1,517.1,464.9,554.5,479.3,536.3,0.00,3.53,3.811,3.59,3.518,-0.031,0.12,52.10,53.40,52.81,50.90,0.01,-144.88
9:33,293.40,436.8,399.6,517.3,497.5,541.6,321.3,267.0,321.5,517.3,463.0,552.9,477.5,534.7,0.00,3.55,3.809,3.58,3.520,-0.031,0.12,52.07,53.66,52.74,51.03,0.01,-94.72
9:35,293.51,436.0,400.4,518.7,494.9,542.2,321.2,266.8,321.4,518.7,461.4,551.4,476.5,533.6,0.00,3.59,3.824,3.59,3.522,-0.031,0.12,52.03,52.71,52.78,50.98,0.01,-137.84
9:37,293.22,435.5,401.3,518.9,497.4,541.8,321.0,266.6,321.2,518.9,460.4,550.3,475.3,532.0,0.00,3.54,3.807,3.58,3.507,-0.031,0.12,53.15,53.57,52.74,50.84,0.01,-139.31
9:39,293.61,435.4,401.2,520.2,496.1,541.8,321.1,266.9,321.2,520.2,460.1,549.5,474.6,531.2,0.00,3.54,3.831,3.59,3.522,-0.031,0.12,53.05,53.63,52.65,50.81,0.01,-70.84
9:41,293.59,435.8,401.9,520.8,494.7,542.1,321.2,267.0,321.4,520.8,460.1,549.5,474.7,531.2,0.00,3.58,3.816,3.59,3.535,-0.031,0.11,52.96,52.43,52.67,50.90,0.02,-143.24
9:43,295.10,435.3,401.3,518.9,497.6,541.4,321.6,268.0,321.8,518.9,459.6,548.8,473.9,530.4,0.00,3.54,3.823,3.56,3.528,-0.031,0.12,53.10,52.81,52.78,50.89,0.01,-113.96
9:45,293.41,434.9,400.5,517.8,497.4,541.4,322.2,268.4,322.3,517.8,459.0,547.8,472.9,529.1,0.00,3.56,3.817,3.60,3.520,-0.030,0.12,53.04,52.57,52.74,51.02,0.01,-105.96
9:47,290.89,435.3,400.7,518.0,495.7,542.1,322.1,267.7,322.3,518.0,459.5,547.5,473.0,528.6,0.00,3.57,3.822,3.60,3.509,-0.031,0.12,50.05,50.95,52.74,50.92,0.01,-146.35
9:49,289.72,435.9,400.8,517.9,497.5,541.7,323.1,268.7,323.2,517.9,460.0,547.3,472.8,528.5,0.00,3.56,3.770,3.55,3.500,-0.030,0.12,49.92,49.75,49.31,50.84,0.01,-121.71
9:51,279.62,436.4,400.3,521.4,497.7,542.3,323.2,267.2,323.4,521.4,460.7,547.3,472.4,528.0,0.00,3.52,3.809,3.56,3.503,-0.031,0.12,48.14,47.79,49.23,50.14,0.01,-91.59
9:53,264.89,437.4,395.3,526.8,495.7,543.2,320.7,261.2,321.0,526.8,464.2,549.1,474.9,530.0,0.00,3.47,3.718,3.53,3.443,-0.031,0.12,45.16,47.36,44.24,44.75,0.01,-112.92
9:55,261.20,437.8,395.6,523.3,492.7,541.8,315.9,255.9,316.4,523.3,466.9,551.4,476.9,532.4,0.00,3.41,3.731,3.49,3.394,-0.031,0.11,45.22,42.58,42.40,44.70,0.02,-144.46
9:57,260.19,434.6,397.2,518.2,502.2,539.2,312.3,253.5,312.7,518.2,465.2,550.6,473.9,531.4,0.00,3.36,3.694,3.49,3.366,-0.030,0.12,45.08,42.89,42.50,44.65,0.01,-124.57
9:59,259.12,430.2,400.4,513.1,499.2,540.4,310.9,252.4,311.1,513.1,460.2,546.6,467.3,526.8,0.00,3.36,3.694,3.48,3.395,-0.031,0.11,47.99,46.50,42.41,44.83,0.02,-164.76
10:01,259.49,426.3,396.9,516.9,506.1,540.7,311.2,252.8,311.3,516.9,456.6,541.5,463.3,523.1,0.00,3.44,3.739,3.51,3.405,-0.031,0.11,48.04,46.68,42.39,44.70,0.01,-86.06
10:03,259.29,423.9,399.7,516.6,502.4,542.8,312.7,253.7,312.7,516.6,454.2,537.5,461.9,521.1,0.00,3.39,3.726,3.52,3.399,-0.031,0.12,48.09,46.75,42.42,44.75,0.01,-135.80
10:05,251.21,423.2,398.3,520.7,503.3,543.2,314.1,253.5,314.2,520.7,453.9,536.3,461.6,519.9,0.00,3.39,3.665,3.46,3.355,-0.031,0.12,48.03,46.90,42.36,44.77,0.01,-102.93
10:07,244.51,424.7,396.6,525.3,499.3,543.3,313.6,291.7,313.8,525.3,455.6,536.6,463.3,520.3,0.00,3.32,3.670,3.46,3.355,-0.031,0.12,41.12,40.61,42.46,43.71,0.01,-108.59
10:09,229.91,427.7,394.2,528.4,499.2,542.8,309.3,306.4,309.7,528.4,458.4,538.5,467.0,522.4,0.00,3.25,3.605,3.39,3.274,-0.031,0.12,41.05,40.40,39.39,41.68,0.02,-101.76
10:11,223.92,431.3,392.7,526.9,495.6,542.6,305.6,303.5,306.0,526.9,460.5,542.0,471.8,525.8,0.00,3.24,3.608,3.39,3.283,-0.031,0.12,40.02,40.90,39.35,40.55,0.01,-95.49
10:13,222.29,434.1,392.2,524.6,498.9,541.0,301.9,299.8,302.2,524.6,459.9,544.6,474.0,527.1,0.00,3.21,3.576,3.36,3.266,-0.031,0.12,39.10,39.88,39.43,40.63,0.02,-98.11
10:15,222.57,435.6,392.0,520.1,499.3,541.2,300.6,298.5,300.8,520.1,457.5,545.7,473.2,525.8,0.00,3.19,3.534,3.36,3.259,-0.031,0.12,40.09,40.51,39.48,40.63,0.01,-101.29
10:17,222.09,436.6,392.0,518.3,499.9,541.6,300.4,298.3,300.6,518.3,454.6,545.2,471.0,524.0,0.00,3.18,3.569,3.37,3.278,-0.031,0.12,40.07,40.51,39.47,40.56,0.02,-91.07
10:19,221.75,437.1,392.3,518.3,500.6,541.9,300.3,298.2,300.5,518.3,452.8,544.2,469.1,522.0,0.00,3.16,3.571,3.35,3.272,-0.031,0.12,40.03,40.97,39.38,40.70,0.01,-120.44
10:21,221.84,437.6,392.3,518.1,500.0,542.3,300.9,298.8,301.0,518.1,451.9,543.1,468.1,520.4,0.00,3.14,3.566,3.36,3.262,-0.031,0.12,40.06,41.06,40.95,40.60,0.01,-158.44
10:23,221.81,437.2,392.5,519.8,502.5,541.9,302.2,300.0,302.3,519.8,451.4,541.8,467.4,519.2,0.00,3.19,3.570,3.37,3.229,-0.031,0.12,42.11,40.61,40.91,40.51,0.02,-109.55
10:25,223.32,436.8,389.6,520.8,500.0,542.8,304.1,301.9,304.1,520.8,451.7,541.2,467.1,518.5,0.00,3.20,3.584,3.36,3.253,-0.031,0.11,42.02,40.66,40.90,40.65,0.01,-116.29
10:27,222.38,436.7,388.8,521.0,499.3,542.3,305.4,303.1,305.5,521.0,452.3,540.7,467.8,518.9,0.00,3.17,3.577,3.36,3.238,-0.030,0.12,42.05,40.62,40.94,40.67,0.02,-106.37
10:29,221.63,436.8,387.9,521.3,500.3,542.3,306.1,303.8,306.2,521.3,453.4,541.1,469.4,519.9,0.00,3.18,3.594,3.38,3.239,-0.030,0.12,42.04,42.68,40.92,40.66,0.01,-117.04
10:31,222.20,437.3,387.0,521.7,498.3,542.6,307.3,305.1,307.4,521.7,454.2,541.8,471.1,521.1,0.00,3.16,3.552,3.36,3.232,-0.030,0.12,42.11,42.85,40.89,40.68,0.02,-123.10
10:33,222.60,438.3,385.6,522.4,499.8,542.4,307.8,305.7,308.0,522.4,455.4,543.2,472.7,522.2,0.00,3.19,3.577,3.37,3.239,-0.030,0.12,42.11,42.67,40.98,40.66,0.02,-86.13
10:35,222.79,439.3,384.6,522.3,498.4,542.6,308.0,305.9,308.1,522.3,456.6,544.5,474.1,523.1,0.00,3.18,3.552,3.34,3.228,-0.030,0.12,42.14,42.50,40.94,40.49,0.02,-107.75
10:37,223.10,440.0,383.9,521.5,497.4,542.6,307.8,305.7,308.0,521.5,457.7,546.0,475.3,524.4,0.00,3.17,3.494,3.35,3.229,-0.030,0.12,41.98,38.46,44.47,40.62,0.02,-113.35
10:39,219.12,440.5,383.8,520.9,499.6,542.3,306.9,304.7,307.2,520.9,458.3,546.9,475.8,525.2,0.00,3.15,3.522,3.36,3.217,-0.030,0.12,40.10,38.51,39.59,40.62,0.02,-119.15
10:41,216.61,441.2,382.1,522.0,496.4,542.9,304.2,302.1,304.6,522.0,459.4,548.0,476.9,526.5,0.00,3.14,3.480,3.32,3.200,-0.031,0.12,40.02,38.66,39.44,40.66,0.02,-121.30
10:43,215.66,441.3,383.0,519.2,499.2,541.8,302.3,300.2,302.7,519.2,459.8,548.3,476.7,526.6,0.00,3.11,3.458,3.31,3.170,-0.031,0.12,40.00,38.49,39.46,40.70,0.01,-111.62
10:45,215.88,441.1,383.8,517.0,498.8,542.0,300.7,298.6,301.0,517.0,458.9,548.0,475.7,526.5,0.00,3.10,3.475,3.33,3.187,-0.031,0.12,40.18,38.71,39.39,40.51,0.01,-101.79
10:47,216.19,440.7,384.3,516.6,499.7,542.3,299.9,297.7,300.2,516.6,457.5,547.2,474.1,525.5,0.00,3.10,3.456,3.32,3.183,-0.030,0.12,40.16,38.67,39.39,40.58,0.02,-115.63
10:49,215.52,440.1,386.4,515.9,499.8,542.2,299.3,297.1,299.5,515.9,455.9,546.1,472.5,524.4,0.00,3.10,3.490,3.33,3.195,-0.030,0.12,40.24,38.67,39.45,40.61,0.01,-103.76
10:51,217.61,439.6,387.3,518.6,502.0,542.6,298.7,296.5,299.0,518.6,455.1,545.4,471.9,523.5,0.00,3.10,3.481,3.33,3.205,-0.030,0.13,43.11,45.14,39.50,43.76,0.02,-110.09
10:53,236.81,438.1,386.5,518.3,497.6,542.9,301.1,299.1,301.1,518.3,454.5,545.0,471.7,523.0,0.00,3.15,3.502,3.36,3.212,-0.030,0.12,45.16,45.67,41.40,43.70,0.02,-159.47
10:55,246.42,435.1,392.3,513.1,499.1,540.8,307.1,304.9,307.0,513.1,451.0,543.0,468.7,520.5,0.00,3.22,3.573,3.43,3.304,-0.030,0.12,47.18,46.71,42.42,45.74,0.02,-95.85
10:57,242.24,433.4,389.2,518.4,505.9,542.1,309.7,307.5,309.8,518.4,450.0,541.6,467.1,518.1,0.00,3.24,3.575,3.43,3.299,-0.031,0.12,47.08,46.66,42.38,48.62,0.01,-115.60
10:59,246.05,433.5,389.7,520.5,495.3,545.2,312.4,310.3,312.4,520.5,452.8,542.1,469.2,519.0,0.00,3.26,3.558,3.44,3.317,-0.030,0.12,48.06,49.46,39.46,48.83,0.02,-106.25
11:01,248.92,433.9,390.1,521.9,501.1,542.4,315.5,313.3,315.5,521.9,455.2,543.5,472.0,521.1,0.00,3.31,3.602,3.49,3.318,-0.031,0.12,50.15,49.65,39.47,48.92,0.01,-115.85
11:03,250.02,435.6,389.8,523.7,494.8,543.5,317.3,315.3,317.4,523.7,457.7,546.1,474.9,523.6,0.00,3.28,3.584,3.47,3.365,-0.031,0.12,50.09,49.67,39.47,49.99,0.01,-109.25
11:05,251.05,438.3,386.9,523.8,494.5,542.6,318.5,316.4,318.6,523.8,459.9,549.0,478.1,526.5,0.00,3.30,3.569,3.43,3.309,-0.031,0.12,50.09,49.89,39.42,49.78,0.02,-77.18
11:07,250.98,441.0,390.8,520.4,495.0,542.1,319.2,317.2,319.4,520.4,460.8,551.5,479.6,528.0,0.01,3.24,3.476,3.29,3.282,-0.031,0.12,50.14,49.58,39.40,49.96,0.01,-49.28
11:09,246.53,444.4,390.4,520.1,493.2,542.8,320.3,318.3,320.4,520.1,461.5,553.2,480.6,529.6,0.05,3.18,3.416,3.17,3.246,-0.031,16.46,50.15,49.94,29.59,49.85,0.02,-43.34
11:11,245.44,449.7,393.1,522.4,492.3,543.3,321.1,319.1,321.2,522.4,464.2,556.3,482.6,531.5,0.05,3.22,3.444,3.31,3.314,-0.030,25.34,42.08,46.62,24.61,49.66,0.02,-64.79
11:13,248.82,455.5,389.3,526.3,491.0,544.0,322.6,320.5,322.7,526.3,467.2,559.3,485.5,534.3,0.08,3.15,3.468,3.35,3.326,-0.030,25.33,42.04,46.61,24.67,49.93,0.02,-95.21
11:15,250.50,460.4,389.9,523.9,488.5,542.7,323.4,321.3,323.5,523.9,468.8,560.8,485.9,535.5,0.08,3.22,3.554,3.35,3.351,-0.030,25.39,42.20,46.59,24.62,49.97,0.02,-109.99
11:17,249.90,463.5,388.4,522.3,492.5,541.6,322.5,320.5,322.8,522.3,469.6,561.0,485.1,536.3,0.08,3.26,3.604,3.32,3.348,-0.031,35.40,36.98,46.66,24.62,49.85,0.01,-58.25
11:19,251.86,465.6,388.8,521.1,490.3,542.6,321.9,256.6,322.1,521.1,470.6,561.5,485.0,537.3,0.08,3.24,3.592,2.98,3.392,-0.031,35.37,34.97,41.76,24.58,49.92,0.02,-131.25
11:21,251.10,466.3,388.4,520.3,490.8,542.3,320.3,240.0,320.6,520.3,471.0,560.9,482.0,537.8,0.08,3.08,3.553,2.93,3.375,-0.031,35.30,35.01,37.83,24.71,49.83,0.01,-124.45
11:23,249.70,464.5,391.2,513.9,493.4,540.9,317.7,238.1,318.0,513.9,469.2,556.2,472.4,536.0,0.08,3.07,3.582,2.80,3.355,-0.030,45.45,40.02,29.79,9.30,49.99,0.02,-96.10
11:25,249.30,459.1,401.0,507.6,497.1,539.0,315.4,237.5,315.8,507.6,463.2,545.7,459.1,529.6,0.08,3.10,3.271,2.84,3.380,-0.031,41.11,38.07,29.75,34.42,49.88,0.01,-127.79
11:27,255.40,455.1,396.2,514.6,504.3,542.7,315.5,239.1,315.6,514.6,460.3,537.9,451.7,526.2,0.07,3.10,2.689,3.07,3.338,-0.031,38.36,38.05,24.77,39.32,49.74,0.02,-110.80
11:29,267.46,452.2,400.6,514.0,492.3,545.4,317.8,241.7,317.8,514.0,460.6,533.8,449.3,524.5,0.08,3.13,2.483,3.22,3.396,-0.030,41.45,41.14,24.81,41.43,49.91,0.02,-127.70
11:31,269.00,448.7,400.5,517.1,501.4,542.0,320.0,243.8,320.1,517.1,460.6,530.6,448.3,523.3,0.08,3.17,2.458,3.25,3.404,-0.031,41.47,43.14,24.84,40.40,49.94,0.01,-125.26
11:33,269.47,447.2,400.1,520.3,492.5,544.3,321.4,244.5,321.5,520.3,462.2,530.4,450.0,524.1,0.08,2.52,2.510,3.38,3.508,-0.031,41.41,0.06,34.74,48.33,49.93,0.02,-155.45
11:35,260.74,445.9,398.9,520.4,500.7,541.1,321.8,243.6,322.0,520.4,462.7,529.7,450.8,524.5,0.08,0.70,3.612,3.41,3.493,-0.030,50.46,0.06,44.84,49.37,50.02,0.02,-161.05
11:37,258.07,446.3,396.6,526.4,494.8,543.8,322.1,242.6,322.3,526.4,463.3,529.5,451.7,526.0,0.08,0.01,3.594,3.36,3.486,-0.030,50.43,0.07,49.59,49.30,49.88,0.02,-207.33
11:39,259.63,447.9,390.4,529.3,493.9,543.1,323.4,243.2,323.5,529.3,465.0,531.2,454.5,528.6,0.08,0.01,3.519,3.30,3.331,-0.031,50.45,0.07,49.63,49.34,49.96,0.02,-167.27
11:41,260.80,448.6,390.0,526.6,492.6,542.3,323.2,243.4,323.4,526.6,467.0,533.8,457.1,531.4,0.08,0.01,3.477,3.26,3.335,-0.030,50.48,0.07,49.40,46.35,46.83,0.02,-158.88
11:43,260.69,448.0,388.2,525.1,493.5,542.0,321.9,246.8,322.2,525.1,468.8,536.2,458.2,534.0,0.08,0.00,3.398,3.18,3.256,-0.031,48.41,0.07,49.81,46.37,46.85,0.02,-121.30
11:45,261.09,445.8,388.8,520.3,493.4,541.7,319.4,256.0,319.8,520.3,469.9,537.8,459.8,535.5,0.08,-0.01,3.390,3.21,3.253,-0.031,48.44,0.07,47.68,46.30,46.74,0.02,-125.78
11:47,261.10,442.7,390.2,518.3,495.6,542.0,316.9,254.4,317.3,518.3,469.8,539.7,463.4,536.4,0.08,0.00,3.381,3.26,3.274,-0.031,46.36,0.07,46.81,46.29,46.80,0.02,-140.67
11:49,261.25,439.8,390.2,518.8,495.4,542.5,314.8,252.5,315.2,518.8,468.7,542.2,466.6,536.7,0.08,0.00,3.385,3.22,3.256,-0.030,46.43,0.07,46.52,46.34,43.85,0.02,-97.18
11:51,260.35,436.9,394.6,515.6,495.0,542.1,312.3,250.7,312.7,515.6,467.2,544.1,467.5,535.9,0.08,0.00,3.412,3.21,3.201,-0.031,46.47,0.07,46.52,44.39,43.72,0.02,-124.93
11:53,259.80,433.8,396.7,515.4,498.5,541.8,309.9,249.1,310.2,515.4,464.1,543.8,465.3,533.4,0.08,0.00,3.369,3.23,3.195,-0.031,43.39,0.07,43.76,44.45,43.80,0.02,-139.53
11:55,262.65,431.2,399.1,515.1,497.0,542.2,308.7,248.9,309.0,515.1,460.5,541.5,462.1,530.2,0.08,0.00,3.384,3.23,3.215,-0.031,45.41,0.07,44.09,44.43,43.69,0.02,-90.93
11:57,262.30,428.1,403.3,513.7,499.5,541.3,308.9,249.3,309.2,513.7,456.1,537.8,457.9,525.8,0.08,0.00,3.430,3.25,3.227,-0.031,45.51,0.07,45.66,44.39,43.64,0.02,-114.50
11:59,262.50,426.4,403.5,517.4,502.9,542.4,309.8,249.8,309.9,517.4,452.9,534.1,454.6,522.0,0.08,0.00,3.380,3.22,3.216,-0.031,45.53,0.07,47.56,46.31,44.80,0.02,-124.08
12:01,263.34,426.5,404.3,521.0,498.2,544.1,311.9,251.6,312.0,521.0,452.5,532.4,454.0,520.3,0.08,0.00,3.414,3.25,3.210,-0.031,47.45,0.07,47.49,47.35,46.78,0.02,-89.59
12:03,265.05,427.4,403.0,525.0,500.5,542.6,313.2,252.6,313.4,525.0,453.7,532.3,455.6,520.4,0.08,0.00,3.421,3.26,3.249,-0.031,47.52,0.07,47.53,49.32,46.88,0.01,-130.65
12:05,274.30,427.5,402.7,523.6,496.5,542.3,315.5,256.4,315.5,523.6,455.1,533.1,457.3,521.0,0.08,0.00,3.488,3.29,3.291,-0.030,47.45,0.08,49.75,49.25,48.63,0.02,-138.84
12:07,274.10,428.2,400.5,524.8,498.4,542.5,317.4,257.9,317.5,524.8,456.3,534.4,458.5,522.1,0.08,0.00,3.465,3.30,3.310,-0.030,48.21,0.07,49.71,49.37,49.01,0.02,-114.98
12:09,274.05,429.6,399.7,523.5,495.8,542.2,318.7,259.1,318.8,523.5,457.9,536.2,460.7,523.9,0.08,0.00,3.469,3.28,3.297,-0.030,48.45,0.07,49.89,49.19,48.86,0.02,-130.38
12:11,274.19,430.7,398.8,523.2,496.7,542.6,319.4,259.9,319.5,523.2,459.6,538.0,462.2,525.4,0.08,0.00,3.494,3.31,3.314,-0.030,48.35,0.08,49.39,49.32,49.91,0.02,-94.79
12:13,274.31,431.7,397.5,522.0,498.1,541.9,320.0,260.3,320.2,522.0,461.1,539.4,463.2,526.2,0.08,0.00,3.464,3.26,3.329,-0.030,48.37,0.07,49.80,49.30,49.97,0.02,-117.59
12:15,274.57,432.6,397.7,521.7,495.7,542.7,320.4,260.5,320.6,521.7,462.5,540.3,464.3,527.8,0.08,0.01,3.474,3.28,3.330,-0.031,48.44,0.07,48.89,49.25,49.90,0.02,-129.57
12:17,274.95,433.9,394.3,522.4,496.8,542.5,320.5,260.5,320.8,522.4,464.2,541.8,466.1,530.0,0.08,0.00,3.486,3.27,3.324,-0.030,44.43,0.07,51.08,48.39,48.92,0.02,-118.25
12:19,274.51,434.0,395.8,519.3,495.7,542.0,320.0,260.0,320.3,519.3,465.4,543.1,467.2,531.3,0.08,0.00,3.475,3.26,3.324,-0.031,45.37,0.07,50.67,48.33,48.87,0.02,-143.89
12:21,274.65,433.2,396.7,516.9,498.3,541.8,319.5,259.7,319.8,516.9,464.7,542.8,466.2,531.2,0.08,0.00,3.454,3.25,3.312,-0.031,45.41,0.08,50.83,49.31,48.98,0.01,-128.56
12:23,274.70,432.7,396.7,517.5,496.6,542.5,319.4,259.5,319.6,517.5,464.0,542.1,465.0,530.5,0.08,0.00,3.493,3.27,3.332,-0.030,45.36,0.08,50.73,48.38,48.88,0.02,-100.98
12:25,274.64,432.1,397.5,517.6,498.0,542.4,319.2,259.4,319.5,517.6,463.9,541.1,464.2,530.0,0.08,0.00,3.455,3.26,3.322,-0.031,45.34,0.07,50.60,48.28,48.87,0.01,-119.99
12:27,274.53,431.9,397.9,518.2,496.7,542.7,319.1,259.2,319.4,518.2,464.1,541.0,464.6,530.0,0.08,0.00,3.436,3.26,3.344,-0.031,45.39,0.07,50.59,48.33,48.82,0.02,-124.88
12:29,274.93,431.6,398.6,518.7,498.6,542.4,318.9,259.2,319.2,518.7,463.9,541.3,464.6,530.1,0.08,0.00,3.469,3.24,3.306,-0.031,43.35,0.07,50.59,49.31,48.80,0.02,-125.35
12:31,274.50,431.5,399.3,519.6,495.8,542.5,318.6,259.0,318.9,519.6,463.6,541.1,464.6,530.3,0.08,0.00,3.464,3.27,3.353,-0.031,43.36,0.07,50.80,49.33,48.96,0.02,-144.76
12:33,274.65,430.6,399.6,518.5,497.1,542.1,318.2,258.6,318.5,518.5,463.1,540.6,464.1,530.0,0.08,0.01,3.504,3.28,3.345,-0.030,43.37,0.07,49.75,49.35,48.83,0.02,-109.78
12:35,274.18,429.7,399.8,519.1,498.3,542.3,317.9,258.6,318.2,519.1,463.0,540.0,463.2,529.1,0.08,0.01,3.472,3.25,3.361,-0.031,43.36,0.08,49.66,49.34,48.90,0.01,-131.30
12:37,274.49,429.4,399.4,518.9,497.4,542.4,317.9,258.5,318.1,518.9,462.9,539.2,462.7,528.8,0.08,0.00,3.470,3.25,3.344,-0.031,43.35,0.07,49.84,49.32,48.87,0.02,-128.95
12:39,274.20,429.3,400.6,518.4,499.1,542.2,317.9,258.5,318.1,518.4,462.2,538.5,462.4,528.6,0.08,0.00,3.540,3.30,3.379,-0.030,43.36,0.07,49.70,50.29,49.06,0.01,-118.95
12:41,274.30,429.6,400.3,519.5,497.2,542.4,318.2,258.7,318.4,519.5,462.1,538.4,462.5,528.6,0.08,0.00,3.480,3.29,3.338,-0.031,43.39,0.07,49.75,51.45,48.71,0.02,-124.72
12:43,274.40,430.4,398.9,520.3,495.8,542.9,318.3,258.8,318.6,520.3,462.5,539.1,463.0,529.1,0.08,0.00,3.489,3.26,3.360,-0.030,43.36,0.07,49.66,49.84,48.89,0.02,-133.51
12:45,274.32,430.6,399.0,518.2,498.7,541.8,318.1,258.7,318.4,518.2,462.2,539.1,462.9,528.8,0.08,0.00,3.516,3.28,3.374,-0.031,43.35,0.07,49.65,50.83,48.89,0.02,-106.39
12:47,274.38,430.3,401.0,519.0,497.3,542.5,318.1,258.9,318.4,519.0,461.8,539.1,462.7,528.4,0.08,0.00,3.496,3.27,3.369,-0.030,43.37,0.08,49.56,50.74,48.89,0.02,-138.04
12:49,274.55,430.1,401.5,520.3,499.8,542.3,318.3,258.9,318.6,520.3,461.5,538.5,462.4,527.9,0.08,0.00,3.524,3.27,3.387,-0.030,43.38,0.07,50.56,50.77,48.76,0.02,-122.08
12:51,274.44,430.4,399.7,521.5,495.2,542.8,318.6,259.2,318.9,521.5,462.1,539.1,463.1,528.3,0.08,0.00,3.502,3.28,3.364,-0.030,43.36,0.07,48.56,50.81,48.96,0.02,-125.58
12:53,270.05,430.7,399.6,521.0,497.9,542.5,318.3,258.3,318.6,521.0,462.6,539.7,463.7,528.6,0.08,0.00,3.479,3.24,3.351,-0.030,42.42,0.07,48.69,47.32,47.83,0.02,-127.42
12:55,265.10,431.9,398.7,521.7,496.0,542.5,316.7,255.7,317.1,521.7,463.0,540.3,464.1,529.8,0.08,0.00,3.480,3.24,3.343,-0.031,42.35,0.08,46.63,47.34,47.83,0.02,-112.43
12:57,264.90,432.3,398.7,519.1,496.5,541.9,315.1,254.4,315.4,519.1,462.7,540.4,463.9,529.7,0.08,0.00,3.448,3.21,3.333,-0.030,42.37,0.07,44.65,45.34,47.95,0.02,-123.59
12:59,260.17,432.4,399.7,517.5,497.7,542.2,313.5,252.5,313.9,517.5,461.3,539.6,462.7,528.9,0.08,0.00,3.417,3.20,3.310,-0.030,42.36,0.07,44.62,45.33,47.82,0.02,-151.03
13:01,260.64,432.1,399.4,516.0,499.2,541.7,312.2,251.3,312.6,516.0,459.4,538.3,460.8,527.2,0.08,0.00,3.449,3.21,3.306,-0.030,42.40,0.07,44.55,45.32,47.77,0.02,-117.39
13:03,260.43,431.6,399.3,515.2,498.8,542.1,311.7,251.2,312.0,515.2,457.7,536.3,458.8,525.4,0.08,0.00,3.427,3.22,3.297,-0.031,42.37,0.07,44.69,45.33,47.90,0.02,-126.46
13:05,259.71,431.2,400.7,515.7,499.5,542.2,311.6,251.2,311.9,515.7,457.0,535.2,457.4,523.6,0.08,0.00,3.425,3.21,3.329,-0.031,42.33,0.07,44.65,45.26,47.85,0.02,-127.39
13:07,260.35,431.0,400.2,516.6,499.0,542.8,311.9,251.3,312.1,516.6,456.4,534.1,456.7,522.9,0.08,0.01,3.438,3.23,3.293,-0.031,42.37,0.07,44.76,45.37,47.79,0.02,-109.41
13:09,258.70,431.1,401.1,517.2,498.2,542.5,312.1,251.5,312.3,517.2,456.1,533.4,456.5,522.2,0.08,0.01,3.431,3.23,3.309,-0.031,42.37,0.07,41.70,42.39,47.83,0.02,-122.11
13:11,252.14,431.7,401.9,518.1,499.1,542.6,310.6,248.8,311.0,518.1,455.9,532.9,456.5,522.0,0.08,0.01,3.457,3.26,3.310,-0.031,42.35,0.07,44.61,42.42,47.93,0.02,-104.56
13:13,252.28,432.6,401.7,518.9,498.3,542.4,310.2,248.8,310.5,518.9,455.7,533.1,456.7,521.8,0.08,0.01,3.451,3.24,3.274,-0.030,42.42,*****,44.62,44.43,47.83,0.02,-125.85
13:15,252.20,433.2,401.3,519.2,499.3,542.4,310.4,249.1,310.7,519.2,455.2,532.8,455.8,521.0,0.08,0.01,3.429,3.22,3.272,-0.030,42.35,*****,44.65,44.35,47.78,0.02,-122.12
13:17,252.59,434.4,400.4,519.7,497.2,542.6,311.0,249.4,311.2,519.7,455.4,532.9,455.7,521.0,0.08,0.01,3.442,3.23,3.325,-0.031,42.33,*****,44.80,44.43,47.83,0.01,-104.06
13:19,252.65,435.2,399.2,519.6,497.9,542.4,311.1,249.5,311.3,519.6,455.9,533.2,456.1,521.4,0.08,0.00,3.422,3.24,3.297,-0.031,39.42,*****,44.65,44.28,47.89,0.02,-138.30
13:21,251.95,435.5,399.7,519.0,497.7,542.2,310.8,249.1,311.1,519.0,456.1,533.1,456.2,521.5,0.08,0.00,3.435,3.21,3.346,-0.031,39.42,*****,44.76,44.35,47.92,0.01,-139.19
13:23,248.11,435.8,399.2,518.5,498.1,542.4,309.8,247.7,310.1,518.5,456.4,533.2,456.2,521.6,0.08,0.00,3.426,3.22,3.292,-0.030,39.36,*****,44.57,44.33,47.83,0.02,-112.86
13:25,248.55,436.3,398.9,518.4,497.4,542.4,309.5,247.6,309.8,518.4,456.7,533.7,456.3,521.8,0.08,0.00,3.414,3.21,3.325,-0.031,39.32,*****,44.76,44.41,47.90,0.02,-121.92
13:27,248.39,436.8,398.4,518.3,497.8,542.4,309.4,247.6,309.7,518.3,456.5,533.7,456.3,521.8,0.08,0.00,3.407,3.21,3.315,-0.030,39.37,*****,44.58,44.31,47.94,0.02,-102.57
13:29,248.19,437.1,398.6,517.2,499.0,542.1,309.4,247.5,309.7,517.2,456.2,533.6,455.9,521.4,0.08,0.01,3.400,3.20,3.290,-0.030,39.30,*****,44.83,44.24,47.86,0.02,-128.28
13:31,248.26,437.3,398.7,517.8,498.8,542.5,309.4,247.6,309.7,517.8,456.3,533.6,455.5,521.3,0.08,0.00,3.415,3.20,3.316,-0.030,39.33,*****,44.66,44.40,47.88,0.02,-130.41
13:33,248.61,437.3,398.8,517.4,498.1,542.2,309.4,247.6,309.7,517.4,456.3,533.1,455.2,521.3,0.08,0.00,3.402,3.22,3.304,-0.030,39.36,*****,44.85,44.34,47.83,0.02,-104.38
13:35,248.29,437.0,398.3,516.3,499.1,542.1,309.5,247.6,309.8,516.3,455.6,532.5,454.8,521.0,0.08,0.00,3.439,3.21,3.317,-0.031,39.41,*****,44.73,44.41,47.78,0.01,-138.35
13:37,245.60,437.2,398.7,517.6,499.3,542.5,309.3,246.9,309.7,517.6,455.2,532.4,454.8,520.5,0.08,0.00,3.372,3.20,3.315,-0.030,45.36,*****,44.66,44.32,47.92,0.02,-114.91
13:39,246.20,438.1,397.4,519.9,496.2,543.2,308.9,246.6,309.3,519.9,456.4,533.7,456.4,521.5,0.08,0.00,3.423,3.21,3.325,-0.031,43.40,0.09,42.65,44.37,47.74,0.02,-113.61
13:41,246.25,438.9,396.5,520.4,496.1,542.6,307.8,245.9,308.3,520.4,457.9,535.4,458.1,523.2,0.08,0.01,3.400,3.20,3.275,-0.030,43.32,0.09,42.71,44.38,42.81,0.02,-125.24
13:43,247.07,438.9,397.3,517.9,497.2,542.2,305.9,244.7,306.4,517.9,458.2,536.1,458.1,523.9,0.08,0.00,3.410,3.20,3.258,-0.030,43.29,0.08,42.75,44.31,42.65,0.03,-134.49
13:45,254.68,436.8,399.4,513.6,498.0,540.9,306.0,246.5,306.4,513.6,455.9,534.7,455.7,522.6,0.08,0.00,3.397,3.21,3.233,-0.031,44.39,0.09,44.60,46.28,44.87,0.02,-130.71
13:47,260.77,433.8,400.5,513.4,501.2,541.2,307.5,248.7,307.8,513.4,452.8,531.9,452.5,519.9,0.08,0.00,3.446,3.21,3.253,-0.031,44.34,0.08,48.64,48.59,46.95,0.02,-141.42
13:49,268.82,431.3,401.4,513.4,500.2,542.5,310.9,252.8,311.1,513.4,451.2,529.7,451.0,518.1,0.08,0.00,3.504,3.25,3.326,-0.030,46.37,0.08,50.43,51.23,52.95,0.02,-123.22
13:51,275.29,430.0,401.0,516.4,501.1,543.4,314.1,256.3,314.3,516.4,451.7,529.3,451.9,517.7,0.08,0.00,3.523,3.28,3.435,-0.030,46.40,0.09,50.57,53.22,52.84,0.02,-123.23
13:53,278.38,430.9,402.2,518.5,495.9,543.7,317.7,260.5,317.9,518.5,453.9,530.6,454.1,519.4,0.08,-0.01,3.539,3.29,3.444,-0.030,46.35,0.08,52.73,53.20,53.08,0.02,-107.86
13:55,270.80,433.6,400.4,524.2,496.5,543.7,319.3,260.3,319.6,524.2,457.0,533.3,457.9,522.2,0.08,-0.01,3.547,3.26,3.473,-0.030,46.42,0.08,49.53,50.27,52.83,0.02,-114.75
13:57,270.81,437.1,397.0,525.6,491.7,543.5,319.6,260.0,319.9,525.6,462.0,537.8,463.0,526.5,0.08,0.00,3.523,3.23,3.429,-0.031,43.45,0.08,49.57,50.16,51.01,0.02,-147.99
13:59,270.63,438.8,397.7,522.7,496.4,541.1,318.8,259.5,319.2,522.7,464.6,541.1,465.5,529.1,0.08,0.00,3.501,3.24,3.410,-0.030,43.44,0.08,50.60,50.26,51.02,0.02,-120.48
14:01,271.39,439.6,395.9,521.2,493.1,542.6,318.1,259.0,318.6,521.2,465.1,542.6,466.7,531.4,0.08,0.00,3.538,3.26,3.391,-0.030,43.30,0.08,49.25,50.21,50.86,0.02,-114.49
14:03,271.39,439.6,396.6,517.9,496.6,541.2,317.0,257.8,317.5,517.9,464.9,543.6,466.7,531.9,0.08,0.00,3.516,3.21,3.409,-0.031,43.36,0.07,49.18,49.24,49.90,0.01,-138.74
14:05,270.63,438.8,396.9,516.2,494.1,542.5,316.0,256.8,316.4,516.2,464.1,543.6,466.0,531.5,0.08,0.00,3.529,3.24,3.423,-0.031,43.43,0.08,49.23,49.30,49.78,0.02,-109.70
14:07,270.65,437.7,397.6,514.8,497.7,541.8,315.2,256.4,315.7,514.8,462.9,542.7,464.6,530.5,0.08,0.00,3.501,3.26,3.431,-0.030,43.35,0.09,49.04,49.32,50.04,0.02,-113.06
14:09,270.69,436.6,398.6,515.8,497.1,542.6,315.0,256.1,315.4,515.8,461.5,541.5,462.9,529.0,0.08,0.01,3.499,3.26,3.379,-0.030,43.34,0.08,49.08,49.27,49.86,0.02,-130.55
14:11,270.50,436.2,399.5,516.2,496.4,542.6,314.9,256.1,315.3,516.2,460.7,540.3,462.1,528.1,0.08,0.01,3.515,3.27,3.429,-0.030,43.34,0.08,45.76,49.31,49.82,0.02,-102.87
14:13,270.45,435.6,401.1,516.5,497.6,542.3,314.6,256.0,315.0,516.5,460.0,539.2,461.4,527.2,0.08,0.00,3.466,3.24,3.440,-0.031,43.33,0.08,45.57,49.24,49.87,0.01,-161.01
14:15,270.25,435.1,400.3,517.3,496.5,542.3,314.5,255.9,314.9,517.3,459.6,538.4,460.6,526.5,0.08,0.00,3.472,3.23,3.423,-0.030,43.34,0.08,45.54,49.27,50.01,0.02,-161.83
14:17,269.81,434.2,401.9,516.2,498.3,541.9,314.6,256.0,315.0,516.2,458.5,537.1,459.7,525.2,0.08,0.00,3.511,3.25,3.463,-0.030,43.46,0.08,45.91,49.31,49.90,0.01,-123.80
14:19,270.19,433.8,401.5,518.4,499.1,542.4,315.3,256.9,315.6,518.4,457.5,536.1,459.3,524.1,0.08,0.00,3.492,3.27,3.456,-0.031,45.30,0.07,48.64,51.35,49.77,0.02,-134.66
14:21,270.31,434.7,400.1,521.0,495.8,543.0,316.5,262.0,316.8,521.0,458.4,536.5,460.4,524.6,0.08,0.00,3.510,3.26,3.454,-0.031,45.36,0.07,48.78,51.21,49.92,0.02,-126.29
14:23,277.77,435.5,399.9,520.5,498.1,542.1,317.1,314.2,317.4,520.5,459.4,537.3,462.1,525.6,0.08,0.00,3.530,3.40,3.531,-0.030,45.33,0.08,51.49,52.24,55.08,0.02,-114.24
14:25,279.49,436.0,399.1,521.5,496.1,542.7,318.8,317.2,319.1,521.5,460.0,539.2,465.2,526.7,0.08,0.00,3.563,3.45,3.586,-0.031,45.48,0.07,51.66,52.29,55.14,0.02,-148.31
14:27,282.42,436.8,396.7,520.9,494.8,542.6,319.2,317.8,319.6,520.9,461.9,542.7,469.2,528.3,0.08,0.00,3.571,3.49,3.620,-0.030,45.27,0.08,51.47,52.16,55.03,0.02,-105.97
14:29,288.20,435.9,398.2,517.4,497.9,541.5,320.6,319.2,320.9,517.4,462.5,545.1,470.9,529.2,0.09,0.00,3.608,3.51,3.648,-0.031,48.47,0.08,52.54,53.23,55.03,0.02,-133.53
14:31,285.72,435.9,399.3,522.2,494.9,543.7,321.6,320.2,321.9,522.2,463.3,547.1,472.9,530.6,0.09,0.00,3.653,3.55,3.644,-0.030,48.36,0.07,52.72,53.25,55.12,0.02,-137.26
14:33,286.33,437.3,395.8,525.0,493.2,543.3,321.5,320.1,321.9,525.0,466.1,550.7,476.9,533.9,0.09,0.01,3.687,3.56,3.723,-0.031,48.31,0.07,52.56,53.20,55.02,0.02,-114.11
14:35,292.09,437.0,398.5,522.3,495.1,541.6,321.0,319.7,321.5,522.3,467.0,552.9,478.2,535.4,0.09,0.01,3.705,3.60,3.711,-0.031,48.38,0.07,52.41,53.20,55.05,0.02,-130.83
14:37,291.95,436.0,397.3,521.2,494.0,542.4,320.5,319.1,320.9,521.2,466.9,554.0,478.4,535.5,0.09,0.00,3.697,3.57,3.713,-0.030,48.30,0.07,52.68,51.22,52.03,0.02,-136.58
14:39,291.79,434.6,397.3,518.1,495.1,541.5,319.6,318.3,320.1,518.1,466.5,554.4,478.6,535.7,0.09,0.01,3.652,3.52,3.663,-0.030,48.30,0.08,52.68,51.30,51.99,0.02,-125.49
14:41,293.40,432.0,399.3,515.3,497.0,541.7,318.9,317.7,319.4,515.3,464.9,553.3,476.7,534.0,0.08,0.01,3.626,3.49,3.611,-0.031,48.46,0.08,54.59,51.24,51.84,0.01,-145.75
14:43,293.59,430.0,399.7,515.7,497.7,542.3,318.9,317.7,319.3,515.7,463.5,551.5,474.4,532.2,0.09,0.01,3.639,3.50,3.611,-0.031,48.46,0.07,54.76,51.17,51.92,0.02,-121.92
14:45,293.39,429.0,400.9,516.4,497.5,542.4,319.1,317.8,319.5,516.4,462.5,549.9,473.1,531.2,0.08,0.01,3.661,3.50,3.619,-0.031,48.38,0.07,54.37,51.27,52.00,0.01,-136.00
14:47,293.59,428.4,401.3,517.4,497.0,542.6,319.2,317.9,319.6,517.4,461.9,548.5,472.3,530.3,0.08,0.01,3.631,3.52,3.638,-0.030,48.41,0.08,54.54,51.24,52.02,0.02,-155.71
14:49,293.40,427.9,401.5,518.1,496.5,542.5,319.3,317.9,319.7,518.1,461.9,547.8,472.3,529.9,0.09,0.00,3.646,3.49,3.663,-0.031,48.36,0.07,54.50,51.16,51.97,0.02,-126.47
14:51,293.21,427.7,401.9,519.6,497.7,542.5,319.2,317.8,319.6,519.6,462.5,548.0,472.1,529.7,0.09,0.00,3.628,3.51,3.624,-0.031,48.53,0.07,54.57,51.33,52.08,0.02,-140.80
14:53,293.46,427.5,402.4,520.0,497.1,542.3,319.1,317.7,319.5,520.0,463.0,548.0,472.7,530.2,0.08,0.00,3.625,3.49,3.650,-0.031,48.31,0.08,54.58,51.18,51.85,0.01,-140.12
14:55,293.10,427.4,402.1,519.9,496.5,542.3,319.0,317.6,319.4,519.9,462.8,548.0,472.7,530.4,0.09,0.00,3.651,3.52,3.676,-0.031,48.36,0.07,54.17,51.23,51.96,0.02,-120.48
14:57,293.11,427.4,403.0,519.0,497.4,542.3,319.1,317.8,319.5,519.0,462.0,547.9,471.9,530.0,0.08,0.00,3.616,3.50,3.671,-0.031,48.29,0.08,54.77,51.11,51.86,0.02,-141.83
14:59,293.54,427.9,400.7,520.9,497.4,542.4,319.7,318.3,320.0,520.9,461.7,547.8,471.9,529.8,0.08,0.00,3.621,3.50,3.642,-0.031,49.22,0.08,55.00,51.16,52.03,0.01,-140.61
15:01,293.65,428.5,400.5,520.4,496.6,542.4,319.9,318.6,320.3,520.4,462.4,548.1,472.6,530.2,0.08,0.00,3.616,3.49,3.678,-0.031,49.41,0.07,54.81,51.25,51.92,0.02,-107.54
15:03,293.22,428.8,400.1,519.0,496.4,542.1,319.8,318.6,320.2,519.0,462.7,548.5,473.0,530.6,0.08,0.00,3.618,3.49,3.665,-0.031,49.28,0.08,54.42,51.27,51.92,0.01,-141.64
15:05,293.49,428.7,399.8,519.1,496.5,542.5,319.7,318.5,320.1,519.1,462.6,548.6,473.1,530.8,0.08,0.00,3.644,3.51,3.685,-0.030,49.38,0.07,54.68,51.18,51.95,0.02,-119.60
15:07,293.84,429.1,399.3,518.9,496.0,542.6,319.8,318.5,320.2,518.9,463.0,549.4,473.5,531.3,0.08,0.00,3.591,3.49,3.707,-0.031,49.36,0.07,54.47,51.21,51.96,0.02,-117.48
15:09,287.49,427.5,399.1,511.4,495.1,540.3,319.8,318.6,320.1,511.4,461.0,547.2,470.9,529.0,0.08,0.00,-0.030,3.51,3.696,0.175,53.52,0.07,0.03,54.17,54.03,0.01,-156.91
15:11,274.62,422.7,407.3,498.3,494.3,533.1,322.1,320.9,322.4,498.3,447.8,533.0,459.0,517.6,0.08,0.00,-0.030,3.33,3.658,3.332,53.45,0.07,0.04,54.30,54.11,40.86,-53.05
15:13,259.84,427.5,408.3,516.9,513.5,538.3,325.3,324.1,325.5,516.9,441.9,526.4,459.0,513.8,0.08,0.00,-0.031,3.42,3.738,3.358,53.36,0.07,0.03,54.11,53.94,46.92,-82.07
15:15,257.08,441.0,395.9,539.8,519.4,557.0,332.5,331.1,332.4,539.8,455.4,538.5,474.2,523.4,0.08,0.00,-0.031,3.42,3.772,3.384,53.41,0.07,0.04,54.08,54.20,46.90,-149.76
15:17,263.32,453.4,392.5,548.7,502.0,565.4,340.3,338.8,340.3,548.7,473.5,556.0,487.7,537.2,0.08,0.00,-0.031,3.41,3.813,3.436,53.56,0.07,0.03,54.07,53.99,46.95,-124.12
15:19,273.44,461.9,389.9,549.0,503.2,561.6,343.9,275.3,344.1,549.0,486.4,568.3,497.7,551.3,0.08,0.00,-0.031,3.41,3.874,3.500,53.31,0.07,0.04,54.19,54.10,46.84,-144.64
15:21,282.69,465.6,386.7,542.1,499.1,558.7,345.7,254.0,346.0,542.1,490.5,574.7,500.9,560.7,0.08,0.00,-0.031,3.42,3.861,3.429,53.35,0.07,0.04,54.31,53.93,47.82,-122.71
15:23,296.03,465.3,385.0,533.3,492.3,554.1,345.1,253.7,345.6,533.3,489.4,575.8,495.7,563.0,0.08,0.00,-0.030,3.46,3.899,3.438,53.33,0.08,0.05,54.23,54.11,47.84,-136.18
15:25,298.01,461.5,384.4,520.4,481.1,545.8,342.6,254.7,343.2,520.4,485.5,570.7,486.8,560.3,0.08,0.00,-0.031,3.45,3.920,3.466,53.38,0.07,0.05,54.34,54.01,47.77,-137.54
15:27,294.78,457.0,379.5,514.2,478.2,537.1,335.7,251.9,336.5,514.2,481.1,563.7,479.8,556.4,0.08,0.00,-0.030,3.47,3.957,3.463,53.33,0.07,0.04,54.08,54.14,47.86,-116.38
15:29,294.36,453.1,377.8,507.4,493.3,535.6,327.9,252.5,328.7,507.4,478.3,559.1,475.0,553.8,0.08,0.00,-0.031,3.48,3.973,3.452,53.39,0.07,0.04,54.16,53.97,43.86,-125.21
15:31,293.34,449.0,384.9,510.8,491.5,539.1,324.4,251.4,325.0,510.8,476.8,556.2,471.8,551.9,0.08,0.00,-0.031,3.36,3.952,3.343,51.23,0.07,0.05,54.14,53.90,41.85,-151.08
15:33,292.25,444.4,394.8,507.1,489.6,540.0,322.7,250.6,323.2,507.1,472.7,551.1,467.3,548.8,0.08,0.00,-0.031,3.35,3.977,3.289,52.47,0.07,0.05,54.16,48.87,41.92,-93.68
15:35,291.69,439.3,395.9,512.7,495.9,540.7,321.7,294.7,322.1,512.7,468.4,546.1,463.3,544.4,0.08,0.00,-0.031,3.30,3.913,3.349,53.29,0.07,0.06,54.07,48.97,46.83,-139.83
15:37,291.79,436.7,398.8,521.9,492.4,542.4,323.2,302.7,323.5,521.9,467.1,544.6,465.3,541.5,0.08,0.00,-0.031,3.35,3.942,3.382,53.41,0.07,0.06,54.18,48.95,47.88,-120.20
15:39,292.51,436.6,400.0,527.3,491.2,542.6,324.7,306.9,325.1,527.3,468.8,547.5,471.5,542.1,0.08,0.01,-0.031,3.38,3.949,3.431,53.39,0.07,0.04,54.28,49.04,47.83,-100.24
15:41,294.99,437.3,400.0,533.1,493.1,542.5,326.0,309.5,326.3,533.1,470.8,551.9,477.4,544.4,0.08,0.01,-0.031,3.42,3.940,3.387,53.24,0.07,0.04,54.30,49.97,48.77,-117.06
15:43,294.52,439.1,401.0,534.3,491.7,544.0,326.9,310.8,327.2,534.3,472.0,556.8,481.5,546.4,0.08,0.01,-0.031,3.45,3.947,3.403,53.37,0.06,0.04,54.25,49.93,48.80,-126.13
15:45,293.82,440.5,402.3,532.3,489.8,543.1,327.3,311.4,327.6,532.3,471.3,558.6,482.4,546.8,0.08,0.01,-0.031,3.44,3.981,3.394,54.48,0.07,0.04,54.25,49.91,48.72,-98.64
15:47,294.13,441.9,402.1,533.6,490.7,541.1,327.4,311.9,327.7,533.6,471.0,558.6,480.5,544.7,0.08,0.01,-0.031,3.41,4.008,3.408,54.40,0.08,0.05,54.11,49.98,50.29,-131.05
15:49,295.20,444.1,398.1,534.5,491.7,542.4,327.6,311.9,327.8,534.5,473.0,559.2,480.3,545.8,0.08,0.00,-0.030,3.42,3.961,3.415,54.40,0.06,0.04,54.13,49.96,50.34,-89.52
15:51,295.17,445.5,399.6,533.3,490.9,543.2,327.5,301.2,327.8,533.3,474.1,559.8,481.4,547.5,0.08,0.01,-0.031,3.41,3.909,3.412,54.42,0.07,0.04,54.16,47.72,50.24,-88.20
15:53,295.62,446.4,397.6,532.6,490.7,542.9,327.1,258.0,327.4,532.6,474.5,560.3,480.5,548.1,0.08,0.01,-0.031,3.45,3.943,3.390,54.40,0.07,0.04,54.17,47.91,50.28,-119.63
15:55,291.37,446.3,397.4,530.6,489.3,542.4,325.4,255.0,325.8,530.6,474.4,558.4,477.2,547.9,0.08,0.01,-0.031,3.41,3.899,3.373,54.41,0.07,0.04,54.27,47.82,50.32,-103.38
15:57,290.55,446.2,397.9,529.4,489.8,541.9,323.4,253.5,323.8,529.4,474.1,556.7,474.5,547.9,0.08,0.01,-0.030,3.39,3.867,3.376,52.57,0.07,0.04,54.16,44.44,47.91,-131.64
15:59,280.99,444.9,400.3,525.5,486.0,539.8,320.8,250.7,321.3,525.5,471.1,552.7,470.4,545.7,0.08,0.01,-0.031,3.29,3.787,3.227,48.40,0.07,0.05,54.28,44.46,44.84,-108.65
16:01,281.19,443.1,400.1,525.6,489.3,537.9,317.0,249.2,317.5,525.6,468.3,549.1,467.6,544.0,0.08,0.01,-0.030,3.26,3.744,3.189,48.32,0.06,0.04,54.25,44.55,44.82,-110.18
16:03,280.92,440.7,404.2,523.9,492.3,538.9,314.9,248.3,315.3,523.9,464.9,546.0,463.6,540.7,0.08,0.01,-0.031,3.24,3.758,3.182,48.37,0.07,0.04,54.17,44.55,44.93,-142.55
16:05,284.14,437.7,405.1,523.8,494.0,540.6,314.3,248.6,314.6,523.8,461.9,542.5,459.0,536.9,0.08,0.00,-0.031,3.20,3.739,3.190,48.37,0.07,0.04,54.24,44.36,44.73,-92.22
16:07,283.40,434.5,408.8,524.0,496.4,540.5,314.9,248.8,315.2,524.0,458.1,537.2,455.4,533.1,0.08,0.00,-0.031,3.24,3.702,3.204,48.35,0.08,0.05,54.22,44.57,44.79,-112.78
16:09,292.31,432.7,409.1,526.2,494.8,541.8,316.4,250.5,316.5,526.2,455.9,534.1,453.6,529.8,0.08,0.01,-0.030,3.31,3.738,3.308,51.41,0.07,0.04,54.08,46.82,49.88,-90.36
16:11,291.17,431.8,411.8,528.8,497.1,541.2,319.4,252.4,319.5,528.8,454.4,531.8,452.7,527.4,0.08,0.00,-0.031,3.35,3.780,3.333,51.25,0.07,0.04,54.26,46.80,49.91,-86.88
16:13,289.76,432.9,410.4,532.3,494.7,542.3,323.8,254.3,323.7,532.3,454.9,530.9,454.6,526.7,0.08,0.00,-0.031,3.36,3.784,3.319,51.38,0.08,0.05,54.07,46.78,49.81,-138.50
16:15,290.54,435.3,410.0,534.8,494.3,541.6,327.8,256.5,327.8,534.8,457.1,532.2,457.3,527.5,0.08,0.00,-0.030,3.40,3.778,3.318,51.31,0.07,0.04,54.16,46.81,49.90,-121.00
16:17,285.62,438.3,406.6,535.9,493.6,541.6,330.5,257.3,330.6,535.9,460.1,533.8,460.2,529.1,0.08,0.00,-0.030,3.37,3.783,3.357,51.41,0.07,0.04,54.16,46.80,49.85,-78.92
16:19,281.10,442.3,402.1,538.2,493.1,542.1,331.9,257.1,332.0,538.2,464.4,537.5,464.4,532.5,0.08,0.00,-0.030,3.37,3.771,3.339,51.43,0.08,0.05,54.24,46.76,49.80,-135.52
16:21,275.76,446.5,399.3,536.4,490.9,542.8,333.0,256.8,333.1,536.4,468.6,542.0,468.7,537.0,0.08,0.01,-0.030,3.33,3.721,3.252,46.30,0.07,0.04,49.34,43.65,44.77,-127.12
16:23,256.93,450.7,395.3,537.5,492.1,542.7,330.8,251.2,331.3,537.5,471.6,545.8,471.7,540.6,0.08,0.01,-0.031,3.30,3.696,3.228,40.46,0.07,0.04,42.01,43.80,41.84,-108.91
16:25,249.85,455.1,393.0,533.8,490.5,544.1,326.0,245.6,326.4,533.8,473.5,548.5,476.0,544.8,0.08,0.01,-0.031,3.19,3.606,3.029,40.28,0.08,0.05,40.39,43.69,39.85,-166.50
16:27,245.73,454.9,398.7,528.4,485.9,539.7,323.7,244.3,324.1,528.4,470.2,547.7,473.6,542.6,0.08,0.01,-0.031,3.20,3.578,2.820,40.32,0.07,0.04,40.45,43.65,39.93,-127.58
16:29,244.85,452.5,394.0,528.4,493.9,535.7,320.2,242.8,320.6,528.4,466.0,545.5,468.6,538.3,0.08,0.01,-0.031,3.20,3.626,2.816,40.35,0.08,0.05,40.43,43.65,39.90,-111.92
16:31,243.99,448.2,399.3,523.1,499.5,538.5,319.0,242.1,319.2,523.1,461.1,540.6,463.8,533.8,0.08,0.00,-0.031,3.19,3.575,2.796,40.39,0.07,0.04,40.38,43.74,39.95,-139.56
16:33,238.25,444.2,398.3,526.2,497.9,540.9,320.2,254.4,320.4,526.2,456.6,535.9,460.0,529.0,0.08,0.01,-0.031,3.20,3.603,2.796,40.37,0.08,0.05,40.27,43.52,39.86,-127.70
16:35,234.11,443.0,394.8,529.3,495.8,542.3,320.4,282.6,320.5,529.3,456.8,534.8,460.3,527.2,0.08,0.01,-0.031,3.19,3.532,2.778,45.42,0.08,0.05,40.38,43.71,39.90,-116.34
16:37,234.59,443.3,397.5,530.9,495.2,541.5,321.8,293.0,321.8,530.9,457.4,535.0,464.7,527.9,0.08,0.01,-0.031,3.20,3.553,2.796,46.84,0.08,0.05,43.39,43.62,43.85,-117.29
16:39,235.38,445.0,393.5,537.2,497.7,542.1,323.1,298.8,323.1,537.2,459.2,538.6,469.8,529.2,0.08,0.01,-0.031,3.23,3.574,2.829,47.26,0.08,0.05,45.14,43.76,43.88,-121.66
16:41,236.58,448.3,386.4,540.8,494.3,544.5,324.7,302.9,324.7,540.8,462.9,544.1,475.8,532.8,0.08,0.01,-0.031,3.29,3.630,2.876,47.36,0.07,0.04,45.36,45.75,43.81,-118.31
16:43,241.32,451.5,384.3,539.3,492.7,544.6,325.5,305.1,325.6,539.3,467.3,550.0,481.5,537.3,0.08,0.01,-0.030,3.29,3.702,2.889,48.26,0.07,0.05,45.30,47.88,45.82,-102.56
16:45,245.12,453.2,384.3,535.1,489.1,543.1,326.2,306.8,326.3,535.1,470.0,554.4,484.8,540.7,0.08,0.01,-0.031,3.34,3.708,2.892,48.34,0.08,0.05,45.35,47.75,45.85,-127.44
16:47,245.09,455.0,382.3,533.1,487.9,541.8,325.9,305.1,326.1,533.1,470.9,557.6,487.2,543.7,0.08,0.01,-0.031,3.35,3.700,2.883,48.36,0.07,0.04,45.38,47.84,45.82,-112.92
16:49,244.90,456.7,382.5,531.3,486.6,540.6,325.1,303.3,325.3,531.3,471.1,560.1,488.5,545.2,0.08,0.01,-0.031,3.31,3.727,2.882,48.37,0.08,0.05,45.36,47.79,45.82,-123.01
16:51,245.95,458.2,383.0,530.4,486.6,540.2,323.9,298.9,324.1,530.4,471.9,562.3,489.5,546.9,0.08,0.00,-0.031,3.32,3.737,2.872,48.35,0.07,0.04,46.25,47.82,46.78,-123.36
16:53,250.15,458.5,383.7,527.5,485.7,539.1,323.3,298.7,323.5,527.5,470.8,562.8,489.3,547.1,0.08,0.00,-0.031,3.30,3.749,2.857,48.35,0.07,0.04,46.40,47.78,46.81,-106.88
16:55,250.95,458.1,384.2,526.7,486.7,537.9,322.1,253.0,322.3,526.7,468.8,562.2,488.2,546.3,0.08,0.00,-0.031,3.35,3.772,2.880,48.35,0.08,0.05,46.18,47.86,46.86,-110.59
16:57,250.61,458.0,384.7,526.0,489.3,539.6,320.8,242.2,321.0,526.0,468.5,562.5,485.7,546.3,0.08,0.00,-0.030,3.34,3.773,2.850,48.34,0.08,0.05,46.47,47.78,46.94,-113.03
16:59,251.04,457.8,388.2,525.5,488.6,540.9,319.7,241.4,319.9,525.5,467.5,560.4,480.4,546.0,0.08,0.00,-0.030,3.32,3.766,2.876,48.33,0.07,0.05,46.30,47.89,46.81,-127.98
17:01,250.66,457.2,389.8,526.8,490.0,541.3,318.4,240.5,318.6,526.8,466.7,557.0,476.2,545.7,0.08,0.00,-0.031,3.30,3.767,2.873,48.35,0.07,0.04,46.15,47.89,46.83,-107.09
17:03,250.61,456.7,391.0,527.9,489.7,542.2,316.8,239.9,317.1,527.9,466.6,554.8,473.3,545.4,0.08,0.00,-0.031,3.31,3.753,2.871,48.34,0.07,0.04,46.23,47.78,46.88,-125.97
17:05,253.06,455.8,391.7,528.0,489.4,541.9,314.8,239.4,315.1,528.0,466.5,552.7,470.9,544.5,0.08,0.00,-0.030,3.29,3.785,2.875,48.38,0.07,0.04,46.36,47.90,46.83,-106.23
17:07,262.44,453.3,394.9,525.4,487.4,539.7,314.3,241.3,314.4,525.4,464.8,549.9,467.6,542.4,0.08,0.00,-0.031,3.32,3.790,2.882,49.35,0.08,0.05,46.24,47.71,46.78,-109.97
17:09,264.20,449.0,396.6,524.1,493.9,537.2,314.1,242.4,314.3,524.1,461.2,545.0,461.1,537.7,0.08,0.00,-0.031,3.34,3.763,2.858,49.39,0.07,0.05,46.27,47.85,46.79,-126.11
17:11,263.95,445.5,398.5,525.0,494.0,540.9,314.2,242.5,314.3,525.0,458.6,540.7,457.7,535.4,0.08,0.00,-0.030,3.36,3.803,2.860,49.39,0.07,0.04,46.42,47.89,46.79,-112.26
17:13,263.10,443.2,398.9,527.0,492.0,541.6,315.3,242.7,315.4,527.0,456.0,537.0,458.3,535.0,0.08,0.21,-0.031,3.30,3.803,2.868,49.39,0.08,0.04,46.30,47.80,48.82,-75.30
17:15,266.39,442.2,401.7,528.9,494.3,541.0,316.7,243.8,316.7,528.9,453.0,535.1,459.8,533.8,0.08,1.29,-0.030,3.22,3.731,2.815,49.37,0.07,0.05,46.18,47.83,48.84,-24.55
17:17,265.90,443.1,402.6,530.1,494.2,541.6,319.4,245.1,319.4,530.1,453.7,535.0,456.4,529.3,0.08,2.52,-0.031,3.27,3.790,2.815,36.34,29.92,0.05,46.33,47.80,48.86,-3.03
17:19,267.90,446.9,403.3,536.8,495.4,542.7,321.9,246.0,321.8,536.8,457.7,535.5,455.3,529.6,0.08,2.53,-0.031,3.32,3.814,2.961,30.35,33.05,0.05,46.34,47.67,48.87,-73.65
17:21,270.15,453.6,394.9,546.1,501.5,548.8,324.2,247.4,324.2,546.1,468.2,541.7,461.8,537.8,0.08,2.74,-0.031,3.36,3.821,2.958,30.21,32.98,0.05,46.32,47.79,48.87,-103.92
17:23,269.40,458.9,391.6,542.0,499.1,553.1,327.1,247.6,327.0,542.0,475.8,547.6,467.8,545.5,0.08,2.69,-0.031,3.38,3.822,2.988,30.29,33.07,0.05,46.32,47.80,48.89,-79.62
17:25,269.10,463.0,389.8,537.4,496.2,553.2,328.6,248.0,328.7,537.4,480.7,552.1,471.6,551.7,0.08,2.72,-0.031,3.42,3.840,2.970,28.26,33.08,0.05,46.51,47.79,48.84,-133.75
17:27,269.00,465.8,388.6,533.0,493.8,551.2,328.9,247.8,329.1,533.0,483.0,554.6,473.8,555.3,0.07,2.69,-0.031,3.38,3.834,2.969,28.29,32.98,0.05,46.34,47.91,48.90,-115.06
17:29,269.25,467.7,388.5,530.1,491.9,548.8,327.8,247.5,328.0,530.1,484.3,556.3,473.9,556.4,0.07,2.77,-0.031,3.36,3.849,2.970,28.23,33.10,0.05,46.42,47.77,48.79,-120.79
17:31,269.42,468.8,387.7,528.5,490.6,546.6,325.8,246.8,326.0,528.5,484.3,556.3,473.6,557.1,0.07,2.78,-0.030,3.36,3.813,2.955,28.30,33.10,0.05,46.31,47.86,48.90,-139.07
17:33,268.78,469.6,387.8,526.1,488.7,545.8,323.3,245.6,323.6,526.1,484.0,556.5,474.0,558.4,0.04,2.90,-0.031,3.52,3.899,3.117,1.23,41.17,0.05,47.21,47.73,48.77,-124.80
17:35,267.26,469.3,387.2,527.8,490.7,544.8,320.2,244.3,320.5,527.8,484.2,557.6,473.7,558.7,0.00,2.91,-0.031,3.59,3.921,3.107,0.73,41.13,0.05,47.32,47.86,48.89,-230.43
17:37,266.75,465.0,391.9,519.9,483.7,541.3,317.2,243.3,317.6,519.9,479.3,552.8,469.9,555.4,0.00,2.78,-0.031,3.47,3.816,3.037,0.11,41.01,0.05,47.20,47.70,46.92,-182.59
17:39,266.09,458.4,395.7,520.0,484.7,534.8,313.8,242.7,314.2,520.0,468.0,545.8,464.4,549.1,0.00,2.77,-0.030,3.40,3.763,2.941,0.11,41.13,0.05,47.24,47.65,46.87,-128.94
17:41,265.30,452.1,396.2,520.7,495.9,535.1,311.5,242.2,311.8,520.7,457.2,540.1,459.9,540.9,0.00,2.73,-0.030,3.39,3.763,2.952,0.11,41.13,0.04,47.23,48.00,46.90,-151.28
17:43,264.91,446.9,400.2,521.6,491.8,539.1,312.6,242.5,312.7,521.6,449.9,535.6,456.8,533.3,0.00,2.74,-0.031,3.37,3.749,2.930,0.11,45.12,0.05,47.25,47.82,46.92,-121.95
17:45,266.00,443.6,399.8,527.4,496.7,540.4,315.3,243.6,315.3,527.4,446.3,533.0,455.2,527.7,0.00,2.81,-0.031,3.35,3.732,2.911,0.11,45.10,0.05,47.38,47.93,46.77,-108.80
17:47,265.89,443.0,402.1,531.0,492.8,541.5,318.6,244.6,318.5,531.0,445.3,531.7,455.8,525.1,0.00,2.77,-0.031,3.36,3.758,2.951,0.11,45.18,0.05,47.37,47.67,46.90,-117.06
17:49,265.76,443.8,401.3,535.6,495.3,540.9,321.4,246.0,321.4,535.6,446.3,531.9,457.3,524.0,0.00,2.80,-0.031,3.34,3.721,2.929,0.11,49.72,0.05,47.30,47.82,46.89,-102.66
17:51,265.00,446.1,396.3,539.0,494.1,542.4,325.8,247.7,325.6,539.0,449.2,533.5,459.4,524.6,0.00,3.17,-0.031,3.35,3.735,2.934,0.12,54.16,0.05,47.35,47.78,46.79,-91.55
17:53,266.19,450.2,392.0,541.5,494.5,544.1,330.1,249.5,330.0,541.5,454.4,537.3,464.6,529.1,0.00,3.28,-0.031,3.46,3.775,3.167,0.11,54.22,0.05,49.33,47.78,46.84,-103.31
17:55,267.41,455.0,384.2,541.3,495.7,546.7,333.6,251.4,333.6,541.3,461.7,544.1,472.2,535.6,0.00,3.27,-0.031,3.47,3.739,3.231,0.11,54.16,0.05,49.41,47.68,46.89,-115.36
17:57,267.96,458.5,385.8,537.5,492.0,547.1,336.0,252.3,336.0,537.5,467.1,549.5,477.0,540.1,0.00,3.32,-0.031,3.50,3.766,3.338,0.12,54.05,0.06,49.35,47.89,46.91,-116.07
17:59,267.91,461.0,383.8,533.1,488.9,545.5,336.7,252.7,336.9,533.1,470.1,552.6,479.9,544.3,0.00,3.35,-0.031,3.45,3.700,3.322,0.11,54.13,0.05,49.38,47.72,46.84,-120.50
18:01,266.83,462.5,384.2,531.6,487.0,542.9,336.3,252.0,336.5,531.6,471.2,554.2,480.8,546.2,0.00,3.39,-0.031,3.52,3.743,3.347,0.11,54.11,0.05,49.37,47.75,46.91,-98.29
18:03,267.30,463.8,382.5,529.7,486.0,541.5,335.2,251.7,335.4,529.7,471.7,555.4,481.9,548.0,0.00,3.38,-0.031,3.49,3.718,3.331,0.11,54.03,0.05,49.29,47.71,46.91,-132.51
18:05,267.70,464.6,383.3,529.9,486.1,540.5,334.0,251.1,334.2,529.9,471.9,556.6,482.0,548.6,0.00,3.37,-0.030,3.47,3.703,3.344,0.12,54.13,0.05,49.32,47.84,46.83,-119.56
18:07,267.58,464.9,383.6,530.3,486.4,540.2,332.6,250.5,332.9,530.3,471.5,557.0,481.4,548.4,0.00,3.39,-0.031,3.51,3.752,3.345,0.11,54.00,0.05,49.31,47.81,46.84,-110.36
18:09,267.76,464.9,384.3,530.1,486.6,540.6,331.2,249.7,331.5,530.1,471.0,557.2,480.6,548.0,0.00,3.37,-0.031,3.48,3.701,3.357,0.11,54.11,0.05,49.35,47.74,46.99,-128.95
18:11,266.78,464.9,384.3,530.2,488.0,541.2,329.3,248.6,329.6,530.2,470.4,557.1,480.8,548.6,0.00,3.37,-0.031,3.46,3.693,3.334,0.11,54.18,0.04,49.35,47.86,46.91,-118.01
18:13,266.09,464.4,383.9,528.9,487.4,541.5,327.4,247.7,327.7,528.9,469.3,556.9,480.5,548.3,0.00,3.39,-0.030,3.51,3.670,3.334,0.11,54.16,0.05,49.34,47.78,46.86,-104.35
18:15,266.47,463.5,384.9,527.4,486.4,540.7,325.9,247.0,326.2,527.4,467.7,555.8,479.2,547.4,0.00,3.39,-0.030,3.50,3.689,3.351,0.11,53.88,0.05,49.24,47.84,46.83,-145.33
18:17,266.11,462.5,387.0,526.4,485.7,539.8,324.3,246.5,324.6,526.4,465.9,554.7,477.6,546.4,0.00,3.38,-0.031,3.46,3.657,3.302,0.12,54.17,0.05,49.35,47.77,46.89,-124.53
18:19,266.40,461.1,387.3,527.6,487.7,539.4,322.8,246.0,323.1,527.6,464.5,553.8,475.7,544.8,0.00,3.37,-0.030,3.49,3.639,3.331,0.11,54.13,0.05,49.41,47.74,46.84,-133.51
18:21,265.95,459.3,389.6,525.5,486.5,539.4,321.2,245.4,321.5,525.5,462.4,551.7,474.1,543.3,0.00,3.39,-0.031,3.46,3.618,3.337,0.11,54.09,0.05,49.23,47.80,46.80,-119.69
18:23,265.83,457.2,391.7,526.4,489.3,539.0,319.7,244.8,320.0,526.4,460.3,550.1,471.9,541.6,0.00,3.35,-0.031,3.47,3.648,3.337,0.11,54.09,0.06,49.34,47.69,46.89,-109.89
18:25,266.11,455.5,391.1,528.1,491.8,540.9,318.9,244.5,319.1,528.1,458.9,548.6,470.2,540.1,0.00,3.39,-0.031,3.45,3.660,3.334,0.12,54.10,0.05,49.34,47.86,46.90,-141.20
18:27,265.66,453.7,394.5,527.5,489.1,541.5,317.7,271.5,318.0,527.5,458.2,547.5,469.5,538.6,0.00,3.35,-0.031,3.45,3.649,3.315,0.11,54.04,0.05,49.27,47.70,46.96,-125.88
18:29,266.06,451.8,394.4,529.5,491.9,541.0,316.6,273.0,316.9,529.5,459.7,547.7,472.1,538.6,0.00,3.38,-0.030,3.47,3.616,3.343,0.11,54.17,0.05,49.32,47.84,46.91,-116.63
18:31,266.20,450.2,395.7,527.9,489.6,541.6,315.8,271.0,316.0,527.9,460.9,549.1,475.5,539.6,0.00,3.39,-0.031,3.49,3.627,3.346,0.11,54.14,0.05,49.27,47.82,46.85,-117.19
18:33,265.92,448.6,396.7,530.0,491.4,540.8,314.6,268.1,314.9,530.0,461.1,551.1,477.5,540.6,0.00,3.38,-0.031,3.46,3.625,3.314,0.11,53.10,0.05,49.31,47.72,46.87,-136.94
18:35,266.16,447.4,396.5,529.4,490.7,541.0,313.4,266.0,313.7,529.4,461.3,552.6,477.5,540.4,0.00,3.33,-0.031,3.46,3.642,3.315,0.11,53.12,0.05,49.37,47.82,46.89,-110.50
18:37,266.40,446.4,398.7,529.3,490.9,541.0,312.1,263.8,312.4,529.3,460.9,553.3,477.4,540.8,0.00,3.37,-0.030,3.47,3.610,3.333,0.11,53.21,0.05,49.26,47.80,46.89,-124.77
18:39,266.11,445.5,398.1,530.9,492.5,541.3,310.5,261.6,310.8,530.9,460.6,554.0,477.1,540.6,0.00,3.37,-0.031,3.45,3.603,3.297,0.11,53.14,0.05,49.24,47.85,46.81,-125.46
18:41,267.05,444.4,398.5,530.8,493.0,542.1,309.0,259.9,309.2,530.8,460.2,554.0,477.0,540.7,0.00,3.30,-0.031,3.39,3.562,3.268,0.12,53.12,0.05,49.38,47.78,46.87,-106.75
18:43,274.55,441.2,401.2,525.4,487.5,540.3,309.2,261.9,309.4,525.4,457.5,552.0,474.9,538.8,0.00,3.23,-0.030,3.31,3.485,3.198,0.11,52.97,0.05,49.30,47.85,46.87,-152.44
18:45,273.52,436.9,402.8,523.7,492.2,536.1,308.1,261.1,308.4,523.7,453.1,548.1,470.3,534.3,0.00,3.21,-0.030,3.27,3.464,3.132,0.11,53.16,0.05,49.27,47.77,46.89,-109.41
18:47,273.30,433.4,405.0,524.2,498.2,540.1,308.3,261.3,308.4,524.2,450.4,544.8,466.9,530.4,0.00,3.20,-0.031,3.24,3.448,3.106,0.11,53.22,0.05,49.32,47.65,46.83,-118.91
18:49,265.06,432.9,404.1,530.4,495.6,542.5,309.8,261.1,309.9,530.4,449.9,543.2,466.7,529.3,0.00,3.14,-0.030,3.24,3.495,3.074,0.12,51.06,0.06,49.26,47.87,46.90,-146.16
18:51,260.10,434.2,403.3,533.2,496.0,543.1,309.1,294.3,309.3,533.2,451.5,543.6,468.8,530.0,0.00,3.13,-0.031,3.18,3.475,3.071,0.11,51.05,0.05,49.26,47.72,46.92,-107.35
18:53,268.62,436.1,402.8,534.0,494.9,543.9,309.3,307.0,309.4,534.0,455.1,546.8,472.4,532.4,0.00,3.14,-0.030,3.25,3.499,3.119,0.12,54.18,0.06,52.27,49.98,47.79,-101.73
18:55,293.18,435.8,402.2,531.7,492.0,541.8,313.7,311.8,313.6,531.7,456.8,548.8,474.1,533.6,0.00,3.33,-0.031,3.47,3.590,3.303,0.12,54.89,0.05,53.21,49.91,51.74,-128.88
18:57,296.56,434.2,401.6,527.7,487.4,538.7,316.8,314.7,316.8,527.7,457.7,549.4,474.6,533.8,0.00,3.42,-0.031,3.54,3.697,3.391,0.11,55.08,0.05,53.14,49.86,51.86,-72.74
18:59,292.95,434.0,401.5,526.7,495.3,536.7,317.6,315.7,317.7,526.7,458.6,549.3,474.3,533.7,0.00,3.45,-0.030,3.53,3.672,3.441,0.11,55.14,0.05,53.12,52.92,53.85,-100.60
19:01,292.61,435.7,402.9,529.9,493.5,541.3,322.1,320.3,322.0,529.9,460.2,549.7,475.4,535.0,0.00,3.44,-0.030,3.57,3.706,3.428,0.12,55.20,0.05,53.06,52.91,53.88,-151.97
19:03,294.39,438.9,400.6,532.8,494.0,542.3,327.8,325.8,327.6,532.8,462.6,550.6,477.0,536.3,0.00,3.46,-0.031,3.62,3.724,3.451,0.12,55.03,0.05,54.20,52.89,54.78,-99.77
19:05,289.10,443.3,395.2,536.7,493.5,543.4,331.5,329.5,331.5,536.7,466.3,552.2,481.2,539.4,0.00,3.48,-0.031,3.58,3.727,3.444,0.11,55.09,0.05,54.21,52.89,54.90,-142.03
19:07,286.27,448.3,391.4,535.9,491.4,544.8,333.3,331.3,333.4,535.9,472.6,557.3,486.8,543.9,0.00,3.46,-0.030,3.54,3.738,3.448,0.11,55.21,0.06,54.13,53.02,54.76,-116.70
19:09,286.52,452.2,390.4,535.0,490.3,544.0,334.0,332.1,334.2,535.0,477.9,562.5,491.6,549.3,0.00,3.46,-0.031,3.59,3.735,3.491,0.12,55.15,0.05,54.12,52.97,54.85,-125.73
19:11,287.29,455.1,388.8,533.9,490.4,543.7,335.0,258.1,335.1,533.9,480.7,566.2,494.7,554.0,0.00,3.42,-0.030,3.56,3.730,3.452,0.12,55.05,0.05,54.09,52.91,54.93,-127.73
19:13,287.80,457.2,387.6,533.3,490.8,544.1,335.1,253.2,335.3,533.3,479.8,567.5,490.5,555.6,0.00,3.47,-0.030,3.56,3.744,3.487,0.11,55.04,0.05,55.13,52.92,54.83,-123.70
19:15,291.70,458.5,386.3,530.7,490.0,544.7,334.8,253.4,335.0,530.7,478.7,566.1,486.0,556.3,0.00,3.49,-0.031,3.57,3.761,3.505,0.11,55.13,0.05,55.06,52.94,54.96,-132.55
19:17,291.57,458.1,387.9,528.2,487.4,543.2,333.0,252.8,333.4,528.2,477.0,562.9,482.2,554.6,0.00,3.44,-0.030,3.57,3.757,3.479,0.12,54.93,0.05,55.11,52.98,54.86,-137.06
19:19,292.41,456.9,388.7,527.3,487.5,541.6,329.7,251.7,330.1,527.3,475.4,560.3,480.8,553.6,0.00,3.49,-0.031,3.56,3.758,3.524,0.12,55.17,0.05,55.07,52.83,54.89,-116.27
19:21,293.85,455.2,389.3,526.3,487.6,541.0,326.6,250.7,326.9,526.3,474.9,560.1,480.1,552.6,0.00,3.47,-0.031,3.58,3.764,3.512,0.11,55.12,0.05,55.11,53.09,54.88,-127.77
19:23,294.77,452.9,392.4,525.8,486.4,539.8,324.4,250.3,324.7,525.8,472.3,558.6,478.1,551.6,0.00,3.42,-0.031,3.57,3.758,3.498,0.12,55.02,0.05,55.14,52.86,54.80,-129.73
19:25,294.93,450.8,392.5,528.2,489.6,539.9,322.4,249.9,322.8,528.2,469.7,556.2,475.0,549.8,0.00,3.42,-0.031,3.58,3.734,3.499,0.12,55.10,0.05,55.15,47.86,54.90,-125.33
19:27,293.92,448.2,395.2,525.0,487.6,540.6,320.9,249.2,321.2,525.0,467.3,553.4,471.9,547.6,0.00,3.37,-0.031,3.44,3.611,3.419,0.11,55.10,0.05,55.19,47.78,54.88,-149.09
19:29,293.40,443.9,398.0,523.2,485.6,537.6,318.6,248.4,319.0,523.2,463.5,549.2,466.9,543.1,0.00,3.34,-0.031,3.39,3.568,3.384,0.11,55.01,0.05,55.06,47.79,54.74,-136.67
19:31,292.59,439.1,400.3,524.1,495.1,536.3,316.2,256.0,316.5,524.1,458.9,543.9,461.8,538.3,0.00,3.34,-0.031,3.38,3.539,3.323,0.12,55.16,0.06,55.12,47.71,54.89,-133.29
19:33,293.12,435.9,400.5,527.2,493.7,541.3,315.8,276.1,316.1,527.2,457.6,541.3,462.9,536.9,0.00,3.27,-0.031,3.35,3.553,3.296,0.12,55.05,0.05,55.14,47.82,54.93,-143.45
19:35,293.48,434.6,401.9,529.6,493.8,541.9,317.1,280.6,317.3,529.6,460.2,543.3,468.5,537.4,0.00,3.31,-0.030,3.34,3.553,3.300,0.11,55.21,0.05,55.10,47.71,54.91,-118.98
19:37,293.21,434.4,402.0,531.1,492.9,541.9,317.8,282.4,318.1,531.1,462.6,547.2,472.9,538.9,0.00,3.30,-0.031,3.37,3.544,3.360,0.12,55.26,0.05,54.93,47.72,54.96,-130.58
19:39,293.21,434.6,403.6,531.7,492.2,541.6,318.4,284.8,318.8,531.7,463.0,549.6,475.0,540.0,0.00,3.29,-0.031,3.35,3.524,3.345,0.12,55.13,0.05,55.14,47.81,54.85,-136.63
19:41,293.21,435.0,402.6,532.9,492.3,541.4,318.6,285.7,319.0,532.9,462.9,551.1,477.2,540.8,0.00,3.28,-0.031,3.40,3.519,3.343,0.12,55.22,0.06,55.23,47.93,54.89,-137.44
19:43,293.12,435.3,403.0,532.6,491.3,540.6,318.8,286.5,319.2,532.6,462.6,551.8,477.1,540.0,0.00,3.27,-0.031,3.42,3.527,3.312,0.12,55.12,0.06,55.06,50.88,54.87,-129.13
19:45,293.76,436.5,399.1,534.8,493.7,541.5,319.1,287.8,319.4,534.8,464.7,553.6,478.0,541.0,0.00,3.29,-0.031,3.38,3.548,3.340,0.12,55.07,0.05,54.99,50.86,54.84,-126.87
19:47,293.51,437.7,400.3,532.5,491.7,542.7,319.7,288.5,320.0,532.5,466.5,555.3,480.0,543.1,0.00,3.34,-0.030,3.36,3.546,3.349,0.12,55.06,0.05,55.16,51.07,54.82,-115.00
19:49,294.11,438.6,397.7,533.1,493.6,543.0,319.8,288.6,320.2,533.1,468.5,557.8,482.1,545.4,0.00,3.28,-0.031,3.35,3.535,3.331,0.11,55.19,0.04,54.97,46.45,51.99,-136.59
19:51,293.61,438.2,399.4,528.8,489.1,542.0,319.4,286.9,319.8,528.8,468.3,558.2,482.1,545.3,0.00,3.31,-0.031,3.32,3.495,3.301,0.12,54.96,0.05,55.23,46.14,51.99,-135.92
19:53,293.49,437.3,399.1,528.9,490.1,539.6,318.1,283.0,318.6,528.9,467.2,557.7,480.5,544.1,0.00,3.33,-0.031,3.34,3.461,3.265,0.11,55.26,0.05,55.08,46.13,51.97,-118.94
19:55,293.62,436.6,400.1,527.6,491.1,539.3,316.9,279.4,317.4,527.6,466.2,556.6,479.3,543.6,0.00,3.32,-0.031,3.33,3.442,3.275,0.12,54.94,0.05,55.06,46.30,52.03,-123.65
19:57,293.98,436.4,397.1,530.0,493.6,541.7,316.7,279.1,317.1,530.0,466.0,556.2,479.5,544.4,0.00,3.31,-0.030,3.33,3.436,3.285,0.12,53.09,0.05,55.18,46.15,51.94,-118.06
19:59,293.46,436.1,397.2,526.0,488.6,542.0,317.0,279.5,317.4,526.0,464.9,555.9,480.6,544.7,0.00,3.31,-0.030,3.30,3.423,3.219,0.12,53.14,0.04,55.13,46.04,52.03,-117.70
20:01,293.37,435.2,399.6,524.8,491.1,539.2,315.9,277.0,316.4,524.8,462.9,555.7,479.7,543.2,0.00,3.27,-0.030,3.29,3.420,3.289,0.12,53.08,0.04,52.21,46.18,51.92,-134.94
20:03,293.09,434.0,401.5,524.0,493.2,540.2,315.5,276.5,315.8,524.0,460.7,554.1,477.3,540.8,0.00,3.33,-0.031,3.34,3.458,3.292,0.12,53.11,0.05,52.31,46.19,52.06,-95.41
20:05,292.96,433.7,400.7,526.9,494.0,541.8,316.4,279.4,316.7,526.9,459.5,552.4,475.9,539.4,0.00,3.31,-0.031,3.34,3.423,3.271,0.12,53.10,0.05,52.36,46.23,52.00,-121.07
20:07,292.70,433.7,403.9,525.9,491.6,541.3,317.3,282.3,317.6,525.9,458.9,550.7,475.0,538.3,0.00,3.30,-0.031,3.34,3.395,3.301,0.12,53.17,0.05,52.31,46.23,51.93,-115.68
20:09,292.48,433.5,404.3,528.3,496.7,541.0,318.0,285.9,318.4,528.3,457.8,548.5,472.8,535.9,0.00,3.28,-0.031,3.35,3.419,3.270,0.12,53.14,0.05,52.16,46.36,51.92,-124.42
20:11,292.05,434.9,403.4,532.1,494.2,542.7,320.3,294.8,320.6,532.1,457.8,547.5,473.3,535.6,0.00,3.29,-0.031,3.36,3.403,3.273,0.12,53.12,0.05,52.18,46.22,51.95,-149.57
20:13,291.25,437.3,401.8,534.1,492.5,542.8,323.5,304.8,323.7,534.1,459.4,548.2,475.7,536.5,0.00,3.30,-0.031,3.37,3.388,3.272,0.11,53.13,0.05,52.22,46.15,51.98,-118.98
20:15,290.99,439.4,402.0,534.2,491.3,541.4,326.7,311.7,326.9,534.2,460.8,548.9,476.6,536.7,0.00,3.32,-0.030,3.40,3.432,3.315,0.12,53.15,0.04,52.25,46.19,52.01,-132.69
20:17,291.40,441.4,399.2,534.5,492.0,540.5,329.4,316.7,329.6,534.5,462.3,549.0,477.6,537.0,0.00,3.33,-0.031,3.34,3.406,3.298,0.12,53.15,0.05,52.31,46.21,51.95,-146.48
20:19,286.41,444.4,394.6,535.3,491.4,541.4,331.0,319.1,331.3,535.3,464.9,550.4,480.1,538.7,0.00,3.33,-0.031,3.39,3.390,3.285,0.12,53.07,0.05,52.24,46.13,51.94,-122.72
20:21,282.71,448.2,390.9,536.3,491.7,542.8,332.1,320.4,332.4,536.3,469.1,554.3,484.4,542.7,0.00,3.31,-0.031,3.38,3.370,3.291,0.12,53.09,0.04,52.22,46.16,51.97,-121.54
20:23,274.66,451.7,391.8,534.3,489.8,543.1,332.8,320.7,333.1,534.3,471.9,557.6,487.5,545.8,0.00,3.32,-0.031,3.39,3.370,3.292,0.12,52.97,0.04,52.24,46.20,51.96,-146.89
20:25,274.69,455.4,387.1,534.8,491.8,543.8,331.8,319.6,332.2,534.8,474.8,561.0,491.0,549.9,0.00,3.33,-0.030,3.37,3.369,3.279,0.12,55.08,0.04,54.15,48.76,51.93,-125.54
20:27,275.68,457.7,389.2,530.9,488.1,543.6,332.0,319.4,332.3,530.9,475.5,563.1,492.3,551.8,0.00,3.33,-0.031,3.34,3.402,3.259,0.12,55.13,0.05,54.31,48.72,52.08,-112.45
20:29,277.58,459.4,386.1,532.2,490.1,543.0,331.1,253.7,331.6,532.2,476.3,565.0,491.6,552.8,0.00,3.31,-0.031,3.32,3.404,3.245,0.12,55.01,0.05,54.22,48.80,51.94,-143.08
20:31,279.84,460.3,387.6,529.6,488.8,543.5,329.5,250.9,330.0,529.6,476.8,565.0,488.9,554.1,0.00,3.32,-0.031,3.33,3.382,3.225,0.12,55.04,0.04,54.22,48.82,48.54,-105.24
20:33,278.39,460.1,388.4,530.5,490.1,543.3,326.9,248.6,327.4,530.5,477.6,564.0,485.3,554.9,0.00,3.30,-0.031,3.31,3.374,3.187,0.12,55.13,0.04,53.24,48.79,43.86,-161.59
20:35,278.71,458.9,389.5,528.0,489.0,543.1,325.0,247.7,325.5,528.0,476.5,561.1,480.9,554.6,0.00,3.26,-0.031,3.27,3.383,3.100,0.12,55.11,0.05,53.23,48.79,43.92,-156.61
20:37,278.76,456.9,390.4,526.0,488.0,542.2,322.6,247.0,323.1,526.0,474.6,558.1,477.3,553.4,0.00,3.26,-0.031,3.25,3.378,3.132,0.12,53.05,0.05,50.17,48.88,42.84,-139.43
20:39,279.12,454.5,392.0,525.6,488.8,541.3,319.8,246.0,320.3,525.6,472.4,555.4,474.4,551.8,0.00,3.27,-0.031,3.26,3.393,3.158,0.12,49.08,0.05,50.28,48.76,42.90,-124.97
20:41,277.81,450.8,395.5,523.1,486.5,539.6,316.4,244.8,317.0,523.1,468.7,551.4,471.0,549.0,0.00,3.22,-0.031,3.24,3.396,3.149,0.12,48.10,0.05,47.31,48.83,42.88,-97.76
20:43,277.21,446.3,398.3,522.4,487.5,537.0,313.2,244.0,313.7,522.4,464.4,546.9,465.7,544.2,0.00,3.23,-0.030,3.29,3.387,3.193,0.11,46.11,0.05,45.27,46.80,41.34,-119.12
20:45,275.16,441.2,404.1,519.5,499.3,536.7,311.0,243.3,311.4,519.5,458.4,540.0,459.0,538.6,0.00,3.24,-0.030,3.31,3.404,3.225,0.12,46.11,0.05,45.29,46.82,41.38,-132.86
20:47,276.09,437.0,407.5,521.5,495.5,540.9,312.5,263.0,312.8,521.5,452.1,532.6,451.9,531.3,0.00,3.23,-0.031,3.37,3.389,3.239,0.12,46.13,0.06,45.27,46.79,41.39,-108.23
20:49,279.22,434.5,411.6,523.4,501.9,540.6,316.7,283.5,316.8,523.4,447.1,526.1,450.9,525.2,0.00,3.25,-0.031,3.37,3.391,3.251,0.12,45.93,0.05,45.29,46.87,41.39,-126.29
20:51,276.25,435.1,411.8,529.8,496.6,542.1,323.9,306.1,323.8,529.8,445.2,523.9,454.5,520.5,0.00,3.25,-0.031,3.39,3.377,3.266,0.11,46.07,0.05,45.24,46.76,41.39,-126.08
20:53,261.76,438.6,411.1,536.3,497.9,542.4,328.9,315.3,329.0,536.3,447.5,525.8,459.3,518.8,0.00,3.24,-0.031,3.40,3.378,3.269,0.12,48.02,0.05,45.26,46.80,43.14,-113.22
20:55,252.41,445.4,399.9,544.0,495.9,544.4,331.8,319.0,331.9,544.0,454.5,531.9,467.6,523.6,0.00,3.22,-0.030,3.36,3.379,3.220,0.12,48.01,0.06,46.31,48.95,43.89,-136.88
20:57,247.65,452.8,394.4,544.8,495.5,545.6,334.1,322.2,334.3,544.8,461.8,539.7,476.3,530.8,0.00,3.20,-0.031,3.32,3.366,3.180,0.12,48.19,0.05,46.25,48.67,43.82,-116.23
20:59,246.28,459.9,385.4,543.6,495.6,547.1,336.2,324.6,336.4,543.6,468.5,548.0,483.5,538.0,0.00,3.19,-0.031,3.32,3.392,3.176,0.12,47.94,0.05,46.25,48.74,43.89,-110.55
21:01,248.74,465.9,381.8,540.7,493.3,548.1,337.9,326.8,338.2,540.7,473.2,554.8,489.2,544.2,0.00,3.19,-0.031,3.35,3.440,3.203,0.12,48.01,0.04,46.36,48.69,43.90,-140.74
21:03,252.20,470.2,377.5,537.1,491.4,547.9,338.9,328.2,339.2,537.1,477.0,560.6,493.6,549.0,0.00,3.24,-0.031,3.41,3.436,3.241,0.11,48.03,0.04,46.32,48.71,43.77,-122.98
21:05,255.11,473.0,376.5,533.1,488.3,546.3,339.0,328.4,339.3,533.1,479.6,564.6,495.8,552.2,0.00,3.28,-0.030,3.39,3.460,3.256,0.12,48.04,0.04,46.33,48.85,43.82,-126.40
21:07,256.57,473.7,377.8,529.4,485.1,543.3,338.3,327.6,338.7,529.4,480.4,566.3,496.1,553.5,0.00,3.27,-0.031,3.40,3.429,3.241,0.12,47.92,0.05,46.16,48.76,43.85,-116.26
21:09,256.55,473.4,378.0,526.3,483.0,540.4,336.7,325.6,337.1,526.3,479.6,566.6,495.9,554.0,0.00,3.22,-0.031,3.36,3.447,3.239,0.12,48.04,0.04,46.31,48.86,43.85,-127.62
21:11,258.44,472.6,379.8,525.5,482.8,537.9,334.7,323.4,335.2,525.5,478.1,566.2,495.3,553.7,0.00,3.29,-0.031,3.48,3.492,3.301,0.12,50.01,0.05,47.24,48.87,43.96,-119.33
21:13,259.70,471.7,378.9,526.5,484.8,537.7,333.4,321.8,333.8,526.5,477.2,566.4,495.0,553.5,0.00,3.32,-0.030,3.50,3.488,3.341,0.12,50.18,0.05,47.37,48.84,43.82,-129.23
21:15,260.38,470.5,382.3,525.4,486.8,538.5,333.3,252.1,333.7,525.4,475.3,565.2,493.1,552.5,0.00,3.35,-0.031,3.51,3.502,3.368,0.12,49.93,0.05,47.27,48.92,43.83,-121.80
21:17,261.80,469.3,382.3,527.2,489.7,540.4,333.4,248.8,333.8,527.2,472.4,562.9,488.5,550.7,0.00,3.36,-0.031,3.50,3.503,3.351,0.12,51.09,0.05,51.12,48.75,43.83,-122.06
21:19,262.69,468.8,384.0,528.5,487.7,542.0,333.9,248.7,334.3,528.5,470.1,560.4,484.3,549.3,0.00,3.36,-0.030,3.52,3.519,3.371,0.12,51.04,0.05,51.26,48.79,43.80,-123.75
21:21,263.00,468.2,384.2,530.0,488.5,541.8,333.6,248.6,334.0,530.0,469.3,558.3,481.8,547.9,0.00,3.39,-0.030,3.51,3.552,3.374,0.12,51.05,0.04,51.19,48.69,43.87,-124.34
21:23,263.11,467.3,384.2,530.5,488.0,541.8,332.5,248.2,332.9,530.5,468.8,556.1,480.4,547.0,0.00,3.33,-0.031,3.48,3.514,3.386,0.12,51.09,0.04,51.29,48.88,43.83,-140.26
21:25,261.98,466.6,384.7,530.8,489.3,541.9,330.4,246.9,330.9,530.8,468.4,554.9,480.0,546.6,0.00,3.34,-0.031,3.47,3.496,3.374,0.12,51.01,0.05,51.22,48.77,43.89,-118.55
21:27,261.18,466.0,384.4,530.2,488.6,542.4,327.1,306.0,327.7,530.2,468.6,555.3,481.0,547.3,0.00,3.35,-0.031,3.47,3.511,3.377,0.12,51.02,0.04,51.21,48.83,43.76,-122.36
21:29,261.59,465.1,385.5,528.4,487.5,542.1,325.6,306.8,326.1,528.4,469.6,556.7,483.3,547.8,0.00,3.32,-0.031,3.47,3.508,3.337,0.12,51.00,0.05,51.23,48.77,43.83,-133.65
21:31,261.50,464.1,386.0,527.5,488.0,541.6,323.9,301.7,324.5,527.5,470.4,558.7,486.0,548.2,0.00,3.37,-0.030,3.44,3.498,3.308,0.12,50.93,0.05,51.26,48.78,43.91,-114.47
21:33,261.64,462.9,386.7,527.0,488.0,541.3,322.1,294.4,322.6,527.0,471.0,560.8,487.7,549.1,0.00,3.35,-0.031,3.43,3.507,3.352,0.12,50.08,0.04,49.13,48.78,43.79,-135.55
21:35,261.54,461.4,388.3,525.8,487.2,541.0,319.8,283.5,320.4,525.8,470.5,561.7,487.7,549.7,0.00,3.27,-0.030,3.46,3.520,3.329,0.11,47.98,0.04,49.28,48.78,43.85,-116.76
21:37,261.76,459.1,391.4,525.7,487.6,539.9,317.5,275.7,318.1,525.7,468.4,561.2,486.2,548.3,0.00,3.26,-0.031,3.47,3.496,3.321,0.12,48.03,0.05,47.71,48.74,43.85,-127.12
21:39,261.26,456.7,392.6,525.5,488.2,539.6,315.1,268.8,315.7,525.5,466.3,560.0,484.2,546.5,0.00,3.32,-0.031,3.46,3.504,3.330,0.12,48.06,0.05,47.72,48.86,43.85,-118.83
21:41,260.80,454.2,395.5,525.7,488.5,539.5,313.0,265.2,313.6,525.7,463.9,558.5,482.2,544.7,0.00,3.28,-0.031,3.41,3.494,3.304,0.12,48.01,0.04,47.73,48.80,43.88,-132.18
21:43,260.91,451.8,396.4,526.7,491.7,539.6,311.4,262.8,312.0,526.7,461.0,556.4,479.7,542.3,0.00,3.25,-0.030,3.46,3.509,3.332,0.12,48.08,0.05,47.88,48.80,43.85,-112.10
21:45,260.65,449.6,398.5,527.2,492.5,540.9,310.6,261.9,311.1,527.2,458.4,553.8,477.8,540.1,0.00,3.24,-0.031,3.45,3.514,3.326,0.12,48.02,0.05,47.75,48.88,43.86,-141.11
21:47,261.09,448.0,399.4,529.2,493.2,541.8,310.2,261.3,310.7,529.2,456.9,552.5,476.3,538.1,0.00,3.23,-0.031,3.44,3.512,3.310,0.11,43.44,0.04,47.84,48.69,43.77,-127.11
21:49,261.79,446.7,398.2,529.1,492.3,542.3,310.1,261.3,310.6,529.1,456.3,551.5,475.3,536.5,0.00,3.17,-0.030,3.43,3.550,3.323,0.12,39.91,0.04,44.29,45.55,40.83,-130.07
21:51,260.42,444.9,399.8,524.5,487.8,540.2,309.5,260.5,310.0,524.5,454.3,548.8,472.6,533.8,0.00,3.17,-0.030,3.44,3.470,3.331,0.12,40.03,0.05,44.36,45.77,40.84,-148.09
21:53,242.99,443.9,401.8,525.5,497.6,538.4,307.3,255.8,308.0,525.5,451.6,545.7,469.6,530.9,0.00,3.14,-0.031,3.42,3.470,3.325,0.12,40.05,0.04,44.35,45.60,40.85,-116.52
21:55,243.19,444.0,397.6,531.8,498.2,542.4,303.0,251.2,303.6,531.8,452.2,544.9,469.3,529.6,0.00,3.14,-0.031,3.40,3.456,3.304,0.12,40.12,0.04,44.36,45.62,40.81,-142.13
21:57,244.43,442.1,399.5,529.6,493.0,542.2,303.8,252.3,304.2,529.6,451.1,543.1,468.1,527.8,0.00,3.10,-0.031,3.37,3.421,3.263,0.11,40.06,0.04,44.33,45.76,40.86,-123.35
21:59,244.30,439.2,398.7,528.3,494.7,539.2,302.8,251.6,303.3,528.3,448.7,541.0,466.2,525.3,0.00,3.09,-0.030,3.37,3.429,3.284,0.12,40.07,0.04,44.34,45.79,40.83,-117.13
22:01,243.90,436.4,398.6,528.1,500.2,539.9,302.1,255.0,302.5,528.1,446.9,539.0,464.8,523.3,0.00,3.12,-0.031,3.38,3.437,3.294,0.12,40.05,0.04,44.32,45.76,40.80,-143.83
22:03,243.89,434.6,399.6,527.7,495.5,541.4,302.8,300.0,303.1,527.7,446.2,538.0,464.7,522.0,0.00,3.13,-0.030,3.37,3.404,3.285,0.11,39.97,0.04,44.46,45.67,40.88,-120.55
22:05,243.51,433.5,399.9,529.4,499.7,540.9,304.1,302.5,304.4,529.4,447.2,538.1,466.0,521.3,0.00,3.12,-0.031,3.39,3.426,3.279,0.12,39.96,0.04,44.31,45.70,40.87,-126.10
22:07,243.69,433.5,399.3,530.8,496.8,541.8,306.1,304.6,306.4,530.8,448.4,538.7,468.2,521.8,0.00,3.11,-0.031,3.40,3.462,3.343,0.12,42.06,0.04,44.33,47.87,42.84,-128.73
22:09,243.43,434.5,399.5,533.9,498.3,541.8,308.2,306.7,308.5,533.9,449.9,540.3,470.7,523.3,0.00,3.11,-0.031,3.39,3.436,3.288,0.12,42.12,0.04,44.33,47.78,42.77,-134.07
22:11,244.16,436.3,395.6,535.6,495.9,542.5,310.3,308.7,310.5,535.6,452.5,543.0,473.4,525.4,0.00,3.10,-0.031,3.40,3.439,3.324,0.11,42.11,0.04,44.26,47.72,42.88,-130.96
22:13,244.57,438.2,393.6,535.4,493.9,542.1,312.0,310.5,312.3,535.4,454.5,545.0,476.1,527.8,0.00,3.13,-0.031,3.39,3.453,3.318,0.12,42.04,0.04,44.32,47.83,43.79,-115.13
22:15,245.33,439.9,392.0,534.2,493.2,541.4,313.2,311.7,313.5,534.2,456.3,547.1,478.7,529.9,0.00,3.10,-0.030,3.38,3.482,3.340,0.12,42.00,0.05,44.39,47.62,43.81,-113.24
22:17,245.19,441.3,392.3,532.2,491.6,540.6,313.7,312.3,314.1,532.2,458.1,549.2,480.1,531.9,0.00,3.11,-0.031,3.38,3.460,3.290,0.12,42.07,0.05,44.33,47.75,43.78,-123.25
22:19,245.40,442.4,389.2,532.4,492.2,539.7,313.9,312.6,314.3,532.4,459.7,550.8,480.5,533.2,0.00,3.12,-0.031,3.38,3.480,3.315,0.12,41.94,0.05,44.21,47.88,43.80,-118.78
22:21,245.30,443.1,388.7,531.1,493.3,539.8,314.1,312.9,314.6,531.1,460.9,551.6,481.1,534.0,0.00,3.13,-0.031,3.39,3.491,3.303,0.12,42.04,0.05,44.37,47.66,43.77,-111.20
22:23,245.61,443.9,388.4,530.6,493.7,541.0,314.7,313.5,315.1,530.6,461.9,552.6,482.3,535.4,0.00,3.12,-0.031,3.38,3.473,3.328,0.12,41.94,0.04,44.28,47.82,43.85,-145.28
22:25,245.32,444.7,387.2,530.3,493.0,541.7,315.4,314.2,315.9,530.3,462.6,553.6,483.2,536.5,0.00,3.07,-0.031,3.36,3.471,3.300,0.12,42.11,0.05,44.35,47.81,43.82,-110.31
22:27,245.50,445.3,388.4,530.0,493.8,541.3,316.0,314.7,316.4,530.0,463.0,554.3,483.6,537.1,0.00,3.11,-0.031,3.40,3.482,3.316,0.12,42.04,0.05,44.33,47.63,43.74,-119.30
22:29,245.61,445.5,388.0,529.8,494.0,541.4,316.2,315.0,316.7,529.8,463.1,554.4,484.1,537.3,0.00,3.09,-0.031,3.38,3.488,3.325,0.12,42.14,0.04,44.29,47.72,43.87,-126.10
22:31,245.10,445.9,388.2,529.7,492.3,541.5,316.6,315.4,317.1,529.7,463.5,555.0,484.6,537.9,0.00,3.09,-0.030,3.37,3.484,3.321,0.12,42.01,0.05,44.30,47.68,43.72,-131.65
22:33,245.56,446.2,387.9,530.5,493.9,541.2,317.0,315.7,317.4,530.5,464.0,555.5,484.9,538.1,0.00,3.08,-0.031,3.37,3.453,3.313,0.12,42.05,0.04,44.28,47.81,43.84,-142.03
22:35,251.23,446.3,388.0,530.5,493.4,541.4,317.5,316.3,317.9,530.5,464.1,555.6,485.7,538.5,0.00,3.18,-0.031,3.45,3.533,3.399,0.12,45.13,0.05,52.33,51.85,47.82,-107.96
22:37,266.59,445.7,386.8,529.9,492.3,541.0,320.8,265.4,321.1,529.9,464.1,556.2,485.9,538.8,0.00,3.26,-0.031,3.59,3.601,3.465,0.12,50.04,0.05,54.28,51.95,47.83,-122.13
22:39,256.19,447.0,385.3,536.8,495.1,543.5,321.7,260.4,322.2,536.8,466.8,558.5,487.0,541.4,0.00,3.27,-0.031,3.53,3.625,3.463,0.12,50.10,0.04,54.15,51.78,47.86,-130.04
22:41,256.80,448.8,383.3,539.8,498.1,546.8,321.6,259.7,322.2,539.8,472.8,562.7,490.5,546.1,0.00,3.28,-0.031,3.55,3.642,3.461,0.12,50.08,0.05,54.03,51.99,47.83,-134.22
22:43,253.48,450.3,384.7,539.1,498.6,550.0,320.4,256.6,321.0,539.1,477.6,566.8,494.1,551.7,0.00,3.31,-0.031,3.50,3.621,3.450,0.12,50.02,0.04,49.27,51.82,47.78,-126.16
22:45,252.10,452.4,387.8,537.2,500.0,552.9,318.1,253.8,318.8,537.2,480.8,571.0,497.0,557.6,0.00,3.28,-0.031,3.41,3.585,3.412,0.12,44.08,0.04,43.33,45.90,42.89,-137.00
22:47,252.15,454.1,390.3,532.2,497.5,553.8,314.9,250.5,315.7,532.2,481.0,572.8,496.7,560.6,0.00,2.96,-0.031,3.12,3.280,3.024,0.12,44.12,0.05,43.34,45.87,39.86,-214.36
22:49,248.90,452.4,389.5,518.8,486.2,548.0,311.0,235.6,311.9,518.8,472.4,567.1,488.3,555.1,0.00,2.84,-0.031,2.96,3.204,2.870,0.12,44.15,0.05,43.38,45.74,39.89,-147.67
22:51,253.69,449.4,387.8,508.7,478.1,537.9,305.3,233.7,306.3,508.7,459.9,558.2,474.6,546.2,0.00,2.79,-0.031,2.91,3.190,2.817,0.12,44.12,0.05,43.29,45.68,39.95,-167.35
22:53,259.27,443.7,390.2,496.2,484.7,528.4,300.6,235.1,301.5,496.2,447.0,545.3,457.6,533.9,0.00,2.77,-0.031,2.88,3.221,2.795,0.12,44.06,0.05,43.32,45.66,39.85,-130.30
22:55,252.95,437.4,388.8,496.5,493.4,530.0,296.7,252.6,297.5,496.5,437.8,532.3,445.0,523.1,0.00,2.79,-0.031,2.89,3.216,2.794,0.12,44.13,0.05,43.29,45.60,39.84,-120.79
22:57,254.58,432.8,396.2,498.3,496.9,535.4,296.9,294.3,297.4,498.3,436.0,523.8,440.8,517.2,0.00,2.98,-0.031,3.19,3.330,3.093,0.12,44.03,0.05,43.32,45.74,39.85,-59.58
22:59,257.55,431.7,393.7,511.6,508.9,542.5,302.3,301.0,302.5,511.6,439.4,523.5,447.5,516.9,0.00,3.09,-0.031,3.38,3.444,3.290,0.12,44.05,0.04,43.33,45.74,39.77,-106.33
23:01,257.07,433.1,401.3,515.5,501.1,548.4,309.6,308.2,309.7,515.5,443.9,526.9,455.0,517.5,0.00,3.16,-0.031,3.41,3.461,3.360,0.12,47.08,0.04,47.25,48.88,43.87,-111.99
23:03,258.57,436.3,397.0,525.7,491.6,545.4,315.0,313.4,315.2,525.7,449.4,531.8,461.5,520.4,0.00,3.20,-0.031,3.49,3.524,3.406,0.12,47.15,0.05,47.29,48.72,43.92,-106.25
23:05,258.39,440.3,396.6,527.9,494.5,541.9,316.9,315.4,317.2,527.9,455.3,537.0,468.0,525.3,0.00,3.23,-0.031,3.48,3.507,3.432,0.12,50.11,0.04,47.18,48.82,43.84,-110.69
23:07,255.24,444.6,392.0,530.8,491.7,542.6,318.2,316.7,318.6,530.8,459.7,542.1,474.8,531.7,0.00,3.22,-0.031,3.45,3.472,3.364,0.12,50.09,0.04,47.18,48.80,43.83,-131.01
23:09,255.38,448.8,389.7,529.6,488.5,542.3,319.1,317.7,319.5,529.6,462.4,547.6,481.1,536.9,0.00,3.22,-0.030,3.44,3.467,3.377,0.12,50.03,0.05,47.27,48.75,43.83,-126.01
23:11,250.89,452.5,386.8,530.3,490.3,541.8,318.9,317.5,319.4,530.3,464.6,553.0,485.7,540.1,0.00,3.24,-0.031,3.46,3.475,3.391,0.12,50.05,0.05,47.35,48.69,43.84,-118.04
23:13,251.70,455.7,384.8,528.7,489.4,542.3,318.2,316.8,318.7,528.7,466.7,557.6,489.4,543.1,0.00,3.23,-0.031,3.44,3.471,3.411,0.12,50.01,0.04,47.19,48.81,43.83,-138.55
23:15,251.88,457.9,384.6,527.1,488.7,542.3,317.2,315.8,317.7,527.1,468.0,561.2,491.6,545.2,0.00,3.30,-0.030,3.48,3.480,3.404,0.12,50.00,0.04,47.29,48.79,43.88,-124.40
23:17,255.56,458.9,384.0,523.7,486.7,541.4,316.0,314.6,316.5,523.7,468.1,563.3,492.3,546.5,0.00,3.25,-0.031,3.44,3.445,3.371,0.12,50.05,0.04,47.25,48.80,43.80,-138.10
23:19,254.91,459.1,384.4,520.9,485.5,540.3,313.6,312.2,314.2,520.9,467.4,564.7,492.0,547.1,0.00,3.24,-0.031,3.46,3.451,3.426,0.12,47.09,0.04,47.20,48.81,39.83,-128.43
23:21,254.75,457.9,385.5,517.0,483.3,538.1,310.2,308.8,310.8,517.0,465.3,564.2,490.1,545.7,0.00,3.20,-0.031,3.43,3.439,3.388,0.12,47.10,0.04,44.21,46.69,39.91,-120.88
23:23,253.67,455.4,387.1,512.6,494.0,536.6,306.2,304.8,306.9,512.6,462.3,562.0,487.0,543.0,0.00,3.22,-0.031,3.43,3.435,3.383,0.12,47.09,0.04,44.39,46.69,39.79,-131.95
23:25,258.29,451.2,390.8,510.2,495.0,540.3,305.1,303.7,305.5,510.2,458.2,558.4,482.2,538.9,0.00,3.21,-0.031,3.45,3.430,3.377,0.12,47.00,0.04,44.38,46.76,39.83,-124.89
23:27,257.58,446.8,394.3,512.0,496.2,541.6,306.2,304.7,306.5,512.0,453.7,553.6,477.3,533.8,0.00,3.25,-0.031,3.44,3.426,3.433,0.12,48.02,0.05,45.54,46.69,39.80,-125.35
23:29,257.31,443.3,397.4,514.1,496.1,542.0,307.2,305.8,307.6,514.1,451.3,549.6,474.1,529.6,0.00,3.24,-0.030,3.46,3.465,3.395,0.12,48.10,0.04,46.32,48.83,39.94,-124.19
23:31,257.98,441.4,398.3,519.2,496.1,542.3,308.8,307.3,309.1,519.2,450.3,546.9,473.0,527.4,0.00,3.23,-0.031,3.46,3.435,3.397,0.12,48.13,0.05,46.30,48.74,39.85,-123.47
23:33,257.40,441.0,397.9,522.8,495.0,542.2,310.6,309.2,310.9,522.8,450.6,545.7,473.2,526.7,0.00,3.27,-0.031,3.48,3.447,3.427,0.12,48.00,0.05,47.29,49.90,39.68,-131.04
23:35,255.54,441.9,399.4,525.5,493.6,542.0,312.2,310.7,312.5,525.5,451.2,545.9,474.2,527.1,0.00,3.23,-0.031,3.46,3.451,3.434,0.12,48.12,0.05,47.35,49.84,39.88,-114.43
23:37,255.10,443.7,395.7,528.8,493.7,542.0,312.9,311.5,313.2,528.8,452.7,547.1,476.0,528.4,0.00,3.26,-0.031,3.47,3.418,3.435,0.12,48.19,0.05,47.35,49.77,39.87,-112.07
23:39,255.46,445.5,395.0,527.2,490.8,541.6,313.7,312.2,314.0,527.2,454.4,548.6,477.6,529.4,0.00,3.20,-0.031,3.46,3.432,3.440,0.12,48.02,0.05,47.30,49.74,39.91,-140.44
23:41,254.95,446.8,393.0,526.7,492.6,540.3,313.8,312.4,314.2,526.7,455.6,550.0,478.9,530.3,0.00,3.25,-0.031,3.47,3.455,3.423,0.12,48.08,0.04,47.31,49.87,39.93,-135.70
23:43,255.79,447.9,391.8,525.4,492.1,541.0,314.1,312.7,314.4,525.4,456.7,550.9,479.9,531.6,0.00,3.27,-0.031,3.45,3.433,3.419,0.12,48.06,0.04,47.20,49.73,39.79,-126.00
23:45,255.42,448.8,390.8,524.1,491.3,540.9,314.1,312.7,314.5,524.1,457.3,551.8,480.8,532.7,0.00,3.29,-0.031,3.44,3.414,3.419,0.12,48.08,0.04,47.30,49.84,39.83,-128.16
23:47,256.00,449.2,389.8,522.8,492.9,541.0,314.1,312.7,314.5,522.8,457.7,552.5,481.6,533.5,0.00,3.28,-0.031,3.45,3.421,3.406,0.11,48.05,0.04,47.25,49.78,39.77,-132.33
23:49,257.13,449.7,390.3,522.0,490.9,541.4,314.1,312.8,314.5,522.0,458.0,553.5,482.1,534.4,0.00,3.33,-0.031,3.46,3.445,3.438,0.12,50.10,0.05,49.26,51.83,39.82,-129.28
23:51,263.64,449.3,389.8,520.6,492.5,540.6,314.8,313.5,315.2,520.6,457.7,553.7,482.1,534.5,0.00,3.39,-0.031,3.50,3.518,3.442,0.12,50.10,0.05,49.25,51.98,39.76,-150.70
23:53,269.19,448.2,391.0,518.6,491.9,540.8,316.2,315.0,316.5,518.6,457.0,553.5,481.6,534.0,0.00,3.35,-0.031,3.51,3.542,3.456,0.11,51.17,0.05,52.25,55.15,43.86,-130.22
23:55,272.71,447.3,389.3,520.3,492.9,541.6,317.9,316.6,318.2,520.3,457.3,553.9,482.2,534.3,0.00,3.37,-0.031,3.52,3.559,3.506,0.11,51.16,0.05,52.18,55.01,43.83,-137.03
23:57,272.76,446.9,389.8,521.5,491.1,541.9,318.7,317.4,319.0,521.5,458.9,555.1,483.8,535.6,0.00,3.40,-0.031,3.51,3.562,3.506,0.12,51.08,0.05,52.20,55.08,43.81,-126.76
23:59,275.90,446.6,389.9,522.8,491.6,541.5,318.7,312.5,319.1,522.8,461.2,557.1,486.2,537.9,0.00,3.40,-0.031,3.51,3.623,3.498,0.12,52.10,0.05,54.27,57.02,47.82,-110.54
